{
"type": "FeatureCollection",
"name": "mumbai_buildings",
"crs": { "type": "name", "properties": { "name": "urn:ogc:def:crs:OGC:1.3:CRS84" } },
"features": [
{ "type": "Feature", "properties": { "element": "relation", "id": 3868651, "building:levels": null }, "geometry": { "type": "Polygon", "coordinates": [ [ [ 72.8454973, 19.0627592 ], [ 72.8455401, 19.0627504 ], [ 72.8455774, 19.0629131 ], [ 72.8455371, 19.0629214 ], [ 72.8455621, 19.0630304 ], [ 72.8460394, 19.0629326 ], [ 72.8460159, 19.06283 ], [ 72.8459595, 19.0628415 ], [ 72.8459233, 19.0626835 ], [ 72.845984, 19.062671 ], [ 72.8459625, 19.0625774 ], [ 72.8454783, 19.0626767 ], [ 72.8454973, 19.0627592 ] ], [ [ 72.8456938, 19.062723 ], [ 72.8457626, 19.0627113 ], [ 72.8457882, 19.062846 ], [ 72.8457194, 19.0628577 ], [ 72.8456938, 19.062723 ] ] ] } },
{ "type": "Feature", "properties": { "element": "relation", "id": 4232636, "building:levels": null }, "geometry": { "type": "Polygon", "coordinates": [ [ [ 72.8469409, 19.0550898 ], [ 72.847182, 19.0553241 ], [ 72.8470549, 19.0554409 ], [ 72.8471878, 19.05557 ], [ 72.8477237, 19.0550778 ], [ 72.847824, 19.0551753 ], [ 72.8479637, 19.0550469 ], [ 72.8473526, 19.0544528 ], [ 72.8472198, 19.0545748 ], [ 72.8473566, 19.0547078 ], [ 72.8469409, 19.0550898 ] ], [ [ 72.8474074, 19.0547985 ], [ 72.8475668, 19.054953 ], [ 72.8472513, 19.0552439 ], [ 72.8470919, 19.0550893 ], [ 72.8474074, 19.0547985 ] ] ] } },
{ "type": "Feature", "properties": { "element": "relation", "id": 4246876, "building:levels": null }, "geometry": { "type": "Polygon", "coordinates": [ [ [ 72.8530151, 19.0582227 ], [ 72.8531331, 19.058326 ], [ 72.8531964, 19.0582614 ], [ 72.8526494, 19.0577826 ], [ 72.852374, 19.0580636 ], [ 72.8529241, 19.0585451 ], [ 72.8530009, 19.0584668 ], [ 72.8528798, 19.0583608 ], [ 72.8530151, 19.0582227 ] ], [ [ 72.8525927, 19.0581015 ], [ 72.8527301, 19.0579637 ], [ 72.852945, 19.0581549 ], [ 72.8528077, 19.0582928 ], [ 72.8525927, 19.0581015 ] ] ] } },
{ "type": "Feature", "properties": { "element": "relation", "id": 5269229, "building:levels": null }, "geometry": { "type": "Polygon", "coordinates": [ [ [ 72.8447451, 19.0591335 ], [ 72.844838, 19.0591442 ], [ 72.8448635, 19.0589467 ], [ 72.8452038, 19.058986 ], [ 72.8451821, 19.0591542 ], [ 72.8454076, 19.0591803 ], [ 72.8454214, 19.0590733 ], [ 72.845371, 19.0590675 ], [ 72.845387, 19.0589436 ], [ 72.8453943, 19.0588869 ], [ 72.8453395, 19.0588805 ], [ 72.845366, 19.0586756 ], [ 72.8448669, 19.058618 ], [ 72.8448623, 19.0586535 ], [ 72.8448079, 19.0586472 ], [ 72.8447451, 19.0591335 ] ], [ [ 72.8448833, 19.0588452 ], [ 72.8448946, 19.0587206 ], [ 72.8450537, 19.0587335 ], [ 72.8450424, 19.058858 ], [ 72.8448833, 19.0588452 ] ], [ [ 72.8451117, 19.0588657 ], [ 72.8451179, 19.0587419 ], [ 72.8452919, 19.0587496 ], [ 72.8452857, 19.0588735 ], [ 72.8451117, 19.0588657 ] ] ] } },
{ "type": "Feature", "properties": { "element": "relation", "id": 5270025, "building:levels": null }, "geometry": { "type": "Polygon", "coordinates": [ [ [ 72.8521649, 19.0619496 ], [ 72.8521479, 19.0619813 ], [ 72.8525368, 19.0621684 ], [ 72.8525444, 19.0621545 ], [ 72.8526043, 19.0621833 ], [ 72.8528079, 19.0618053 ], [ 72.8527684, 19.0617863 ], [ 72.852787, 19.0617517 ], [ 72.852389, 19.0615602 ], [ 72.8523742, 19.0615878 ], [ 72.852309, 19.0615565 ], [ 72.8521112, 19.0619238 ], [ 72.8521649, 19.0619496 ] ], [ [ 72.8523506, 19.0616425 ], [ 72.8527091, 19.0618243 ], [ 72.8525537, 19.0620982 ], [ 72.8521952, 19.0619164 ], [ 72.8523506, 19.0616425 ] ] ] } },
{ "type": "Feature", "properties": { "element": "relation", "id": 5270026, "building:levels": null }, "geometry": { "type": "Polygon", "coordinates": [ [ [ 72.8512751, 19.063548 ], [ 72.8512551, 19.0635869 ], [ 72.8516582, 19.063772 ], [ 72.8516698, 19.0637494 ], [ 72.8517193, 19.0637722 ], [ 72.8517372, 19.0637374 ], [ 72.851769, 19.063752 ], [ 72.8517914, 19.0637086 ], [ 72.8517683, 19.063698 ], [ 72.8518128, 19.0636114 ], [ 72.8518359, 19.063622 ], [ 72.851853, 19.0635887 ], [ 72.8518318, 19.0635789 ], [ 72.8518782, 19.0634887 ], [ 72.8518994, 19.0634985 ], [ 72.8519192, 19.06346 ], [ 72.8519038, 19.0634529 ], [ 72.8519311, 19.0633998 ], [ 72.8518847, 19.0633785 ], [ 72.8519065, 19.063336 ], [ 72.8514986, 19.0631487 ], [ 72.8514875, 19.0631701 ], [ 72.8514231, 19.0631406 ], [ 72.8512254, 19.0635252 ], [ 72.8512751, 19.063548 ] ], [ [ 72.851471, 19.0632181 ], [ 72.8518373, 19.063398 ], [ 72.8516707, 19.0637009 ], [ 72.8513045, 19.063521 ], [ 72.851471, 19.0632181 ] ] ] } },
{ "type": "Feature", "properties": { "element": "relation", "id": 5270027, "building:levels": null }, "geometry": { "type": "Polygon", "coordinates": [ [ [ 72.8529074, 19.0617075 ], [ 72.8530724, 19.0614097 ], [ 72.8525585, 19.0611553 ], [ 72.8523935, 19.061453 ], [ 72.8529074, 19.0617075 ] ], [ [ 72.8525895, 19.0612574 ], [ 72.8529552, 19.0614437 ], [ 72.8528693, 19.0615944 ], [ 72.8525036, 19.0614081 ], [ 72.8525895, 19.0612574 ] ] ] } },
{ "type": "Feature", "properties": { "element": "relation", "id": 5270395, "building:levels": null }, "geometry": { "type": "Polygon", "coordinates": [ [ [ 72.8515747, 19.0630398 ], [ 72.8515635, 19.063058 ], [ 72.8519402, 19.0632657 ], [ 72.8519569, 19.0632386 ], [ 72.8520146, 19.0632704 ], [ 72.8522445, 19.062898 ], [ 72.8521795, 19.0628622 ], [ 72.8521972, 19.0628336 ], [ 72.8517992, 19.0626142 ], [ 72.8517746, 19.0626541 ], [ 72.8517293, 19.0626291 ], [ 72.8515009, 19.0629991 ], [ 72.8515747, 19.0630398 ] ], [ [ 72.8517754, 19.0627308 ], [ 72.8521356, 19.0629222 ], [ 72.8519763, 19.0631901 ], [ 72.851616, 19.0629987 ], [ 72.8517754, 19.0627308 ] ] ] } },
{ "type": "Feature", "properties": { "element": "relation", "id": 5270396, "building:levels": null }, "geometry": { "type": "Polygon", "coordinates": [ [ [ 72.8482749, 19.0621179 ], [ 72.8482778, 19.0621859 ], [ 72.8487138, 19.062169 ], [ 72.8487114, 19.062113 ], [ 72.8487498, 19.0621115 ], [ 72.8487301, 19.0616573 ], [ 72.8486991, 19.0616585 ], [ 72.8486964, 19.0615967 ], [ 72.8482678, 19.0616133 ], [ 72.84827, 19.061666 ], [ 72.8482225, 19.0616678 ], [ 72.8482421, 19.0621192 ], [ 72.8482749, 19.0621179 ] ], [ [ 72.8483148, 19.0616967 ], [ 72.8486396, 19.0616858 ], [ 72.848655, 19.0620946 ], [ 72.8483302, 19.0621056 ], [ 72.8483148, 19.0616967 ] ] ] } },
{ "type": "Feature", "properties": { "element": "relation", "id": 5270398, "building:levels": null }, "geometry": { "type": "Polygon", "coordinates": [ [ [ 72.8526536, 19.0627261 ], [ 72.8526368, 19.0627555 ], [ 72.8530882, 19.0629853 ], [ 72.8532657, 19.0626737 ], [ 72.8528049, 19.0624392 ], [ 72.8527895, 19.0624663 ], [ 72.8527409, 19.0624416 ], [ 72.8525956, 19.0626966 ], [ 72.8526536, 19.0627261 ] ], [ [ 72.8527897, 19.0625315 ], [ 72.8531482, 19.0627068 ], [ 72.8530595, 19.062869 ], [ 72.8527009, 19.0626936 ], [ 72.8527897, 19.0625315 ] ] ] } },
{ "type": "Feature", "properties": { "element": "relation", "id": 5270399, "building:levels": null }, "geometry": { "type": "Polygon", "coordinates": [ [ [ 72.8519314, 19.062355 ], [ 72.8519166, 19.0623813 ], [ 72.8523613, 19.0626061 ], [ 72.8523775, 19.0625775 ], [ 72.8524024, 19.06259 ], [ 72.8525455, 19.0623371 ], [ 72.8524852, 19.0623066 ], [ 72.8524988, 19.0622826 ], [ 72.852099, 19.0620805 ], [ 72.8520901, 19.0620963 ], [ 72.8520253, 19.0620635 ], [ 72.8518762, 19.0623271 ], [ 72.8519314, 19.062355 ] ], [ [ 72.8520834, 19.0621638 ], [ 72.8524437, 19.0623539 ], [ 72.8523469, 19.0625178 ], [ 72.8519866, 19.0623276 ], [ 72.8520834, 19.0621638 ] ] ] } },
{ "type": "Feature", "properties": { "element": "relation", "id": 5270400, "building:levels": null }, "geometry": { "type": "Polygon", "coordinates": [ [ [ 72.8470474, 19.0621913 ], [ 72.8470479, 19.0622236 ], [ 72.8474871, 19.0622168 ], [ 72.8474865, 19.062181 ], [ 72.8475426, 19.0621801 ], [ 72.847542, 19.0621455 ], [ 72.8475708, 19.0621451 ], [ 72.8475698, 19.0620919 ], [ 72.8475427, 19.0620923 ], [ 72.8475413, 19.0620075 ], [ 72.8475684, 19.0620071 ], [ 72.8475672, 19.0619407 ], [ 72.8475283, 19.0619413 ], [ 72.8475275, 19.0618997 ], [ 72.8475037, 19.0619 ], [ 72.8475031, 19.0618681 ], [ 72.8470383, 19.0618753 ], [ 72.8470387, 19.061899 ], [ 72.8469735, 19.0619 ], [ 72.8469756, 19.0620183 ], [ 72.8469896, 19.0620181 ], [ 72.846991, 19.0620974 ], [ 72.846977, 19.0620976 ], [ 72.8469786, 19.0621923 ], [ 72.8470474, 19.0621913 ] ], [ [ 72.8470582, 19.0619478 ], [ 72.8474647, 19.0619414 ], [ 72.8474683, 19.0621484 ], [ 72.8470618, 19.0621548 ], [ 72.8470582, 19.0619478 ] ] ] } },
{ "type": "Feature", "properties": { "element": "relation", "id": 5270401, "building:levels": null }, "geometry": { "type": "Polygon", "coordinates": [ [ [ 72.8528666, 19.0623315 ], [ 72.8528541, 19.0623534 ], [ 72.8532623, 19.0625607 ], [ 72.853275, 19.0625384 ], [ 72.8533544, 19.0625787 ], [ 72.8535385, 19.0622548 ], [ 72.8534981, 19.0622343 ], [ 72.8535464, 19.0621493 ], [ 72.8530937, 19.0619196 ], [ 72.8530811, 19.0619418 ], [ 72.8530426, 19.0619222 ], [ 72.8528227, 19.0623092 ], [ 72.8528666, 19.0623315 ] ], [ [ 72.8530711, 19.0620113 ], [ 72.8534326, 19.0621821 ], [ 72.8532753, 19.0624794 ], [ 72.8529138, 19.0623085 ], [ 72.8530711, 19.0620113 ] ] ] } },
{ "type": "Feature", "properties": { "element": "relation", "id": 5270403, "building:levels": null }, "geometry": { "type": "Polygon", "coordinates": [ [ [ 72.847835, 19.0621244 ], [ 72.8478365, 19.0621884 ], [ 72.8481202, 19.0621823 ], [ 72.8481185, 19.0621107 ], [ 72.848156, 19.0621099 ], [ 72.8481452, 19.0616603 ], [ 72.8481131, 19.061661 ], [ 72.8481122, 19.0616243 ], [ 72.847821, 19.0616306 ], [ 72.8478223, 19.0616829 ], [ 72.8477893, 19.0616836 ], [ 72.8477999, 19.0621252 ], [ 72.847835, 19.0621244 ] ], [ [ 72.8478591, 19.0617003 ], [ 72.8480698, 19.0616977 ], [ 72.8480756, 19.0621084 ], [ 72.8478649, 19.062111 ], [ 72.8478591, 19.0617003 ] ] ] } },
{ "type": "Feature", "properties": { "element": "relation", "id": 5270404, "building:levels": null }, "geometry": { "type": "Polygon", "coordinates": [ [ [ 72.850982, 19.0640596 ], [ 72.8509635, 19.0640928 ], [ 72.8513541, 19.0642867 ], [ 72.8513699, 19.0642584 ], [ 72.8514151, 19.0642808 ], [ 72.8514389, 19.0642381 ], [ 72.8514702, 19.0642536 ], [ 72.8516545, 19.0639217 ], [ 72.8515999, 19.0638947 ], [ 72.8516181, 19.063862 ], [ 72.8512019, 19.0636555 ], [ 72.8511881, 19.0636804 ], [ 72.8511225, 19.0636478 ], [ 72.8509128, 19.0640253 ], [ 72.850982, 19.0640596 ] ], [ [ 72.8511943, 19.0637451 ], [ 72.8515442, 19.0639323 ], [ 72.85138, 19.0642065 ], [ 72.8510301, 19.0640193 ], [ 72.8511943, 19.0637451 ] ] ] } },
{ "type": "Feature", "properties": { "element": "relation", "id": 5270599, "building:levels": null }, "geometry": { "type": "Polygon", "coordinates": [ [ [ 72.8502216, 19.0635195 ], [ 72.8502091, 19.0635405 ], [ 72.8505955, 19.0637453 ], [ 72.8506111, 19.0637189 ], [ 72.8506756, 19.0637531 ], [ 72.8508957, 19.0633822 ], [ 72.8508311, 19.063348 ], [ 72.850851, 19.0633146 ], [ 72.8504586, 19.0631065 ], [ 72.8504406, 19.0631369 ], [ 72.8503835, 19.0631066 ], [ 72.8501584, 19.0634859 ], [ 72.8502216, 19.0635195 ] ], [ [ 72.8504178, 19.0631983 ], [ 72.8507861, 19.0633794 ], [ 72.8506297, 19.0636634 ], [ 72.8502615, 19.0634823 ], [ 72.8504178, 19.0631983 ] ] ] } },
{ "type": "Feature", "properties": { "element": "relation", "id": 5270600, "building:levels": null }, "geometry": { "type": "Polygon", "coordinates": [ [ [ 72.8499246, 19.0640118 ], [ 72.849905, 19.0640463 ], [ 72.8502944, 19.0642433 ], [ 72.8503131, 19.0642103 ], [ 72.8503598, 19.0642339 ], [ 72.8505724, 19.0638587 ], [ 72.8505312, 19.0638379 ], [ 72.850546, 19.0638118 ], [ 72.8501488, 19.0636108 ], [ 72.8501372, 19.0636314 ], [ 72.8500814, 19.0636032 ], [ 72.8498665, 19.0639824 ], [ 72.8499246, 19.0640118 ] ], [ [ 72.8501179, 19.063679 ], [ 72.8504872, 19.063871 ], [ 72.8503169, 19.0641636 ], [ 72.8499476, 19.0639715 ], [ 72.8501179, 19.063679 ] ] ] } },
{ "type": "Feature", "properties": { "element": "relation", "id": 5270601, "building:levels": null }, "geometry": { "type": "Polygon", "coordinates": [ [ [ 72.8510609, 19.0619716 ], [ 72.8510408, 19.0620086 ], [ 72.8514309, 19.0621972 ], [ 72.8514496, 19.0621625 ], [ 72.8515199, 19.0621966 ], [ 72.8516597, 19.0619384 ], [ 72.8515999, 19.0619095 ], [ 72.8516151, 19.0618814 ], [ 72.8512171, 19.0616889 ], [ 72.8512034, 19.0617142 ], [ 72.8511351, 19.0616811 ], [ 72.8509951, 19.0619398 ], [ 72.8510609, 19.0619716 ] ], [ [ 72.8511901, 19.0617649 ], [ 72.8515585, 19.0619474 ], [ 72.8514618, 19.0621219 ], [ 72.8510933, 19.0619395 ], [ 72.8511901, 19.0617649 ] ] ] } },
{ "type": "Feature", "properties": { "element": "relation", "id": 5317847, "building:levels": null }, "geometry": { "type": "Polygon", "coordinates": [ [ [ 72.8519501, 19.0614685 ], [ 72.8521254, 19.0611629 ], [ 72.851597, 19.0608921 ], [ 72.8514216, 19.0611977 ], [ 72.8519501, 19.0614685 ] ], [ [ 72.8520113, 19.0611863 ], [ 72.8519035, 19.0613743 ], [ 72.8515156, 19.0611756 ], [ 72.8516234, 19.0609876 ], [ 72.8520113, 19.0611863 ] ] ] } },
{ "type": "Feature", "properties": { "element": "relation", "id": 5317848, "building:levels": null }, "geometry": { "type": "Polygon", "coordinates": [ [ [ 72.8506475, 19.0625825 ], [ 72.8506013, 19.062664 ], [ 72.8506203, 19.0626735 ], [ 72.8505741, 19.0627549 ], [ 72.8505522, 19.0627438 ], [ 72.8505305, 19.062782 ], [ 72.8505468, 19.0627903 ], [ 72.8504995, 19.0628736 ], [ 72.8504832, 19.0628654 ], [ 72.850461, 19.0629044 ], [ 72.8504766, 19.0629123 ], [ 72.8504519, 19.062956 ], [ 72.8504842, 19.0629724 ], [ 72.8504713, 19.0629951 ], [ 72.8504833, 19.0630012 ], [ 72.8504827, 19.0630022 ], [ 72.8509613, 19.0632419 ], [ 72.8509898, 19.0631909 ], [ 72.850972, 19.063182 ], [ 72.850979, 19.0631696 ], [ 72.8509967, 19.0631786 ], [ 72.851017, 19.0631427 ], [ 72.8509993, 19.0631338 ], [ 72.8510469, 19.0630497 ], [ 72.8510676, 19.0630601 ], [ 72.8510848, 19.0630297 ], [ 72.8510641, 19.0630193 ], [ 72.8511163, 19.062927 ], [ 72.8511337, 19.0629357 ], [ 72.8511558, 19.0628968 ], [ 72.8511384, 19.062888 ], [ 72.8511695, 19.062833 ], [ 72.8511212, 19.0628076 ], [ 72.8511303, 19.0627921 ], [ 72.8507361, 19.0625844 ], [ 72.8507223, 19.0626077 ], [ 72.8506784, 19.0625846 ], [ 72.8506722, 19.062595 ], [ 72.8506475, 19.0625825 ] ], [ [ 72.8509105, 19.0631512 ], [ 72.8508832, 19.0631375 ], [ 72.8508881, 19.0631289 ], [ 72.8508464, 19.063108 ], [ 72.8508407, 19.0631183 ], [ 72.8507413, 19.0630685 ], [ 72.850747, 19.0630583 ], [ 72.8507161, 19.0630428 ], [ 72.8507095, 19.0630546 ], [ 72.850617, 19.0630083 ], [ 72.8506236, 19.0629965 ], [ 72.8505799, 19.0629745 ], [ 72.8505708, 19.0629907 ], [ 72.850517, 19.0629638 ], [ 72.8507037, 19.0626346 ], [ 72.8507628, 19.0626658 ], [ 72.8507476, 19.0626917 ], [ 72.8507869, 19.0627124 ], [ 72.8508022, 19.0626865 ], [ 72.8508912, 19.0627334 ], [ 72.8508795, 19.0627532 ], [ 72.8509172, 19.0627731 ], [ 72.8509289, 19.0627533 ], [ 72.8510184, 19.0628004 ], [ 72.851003, 19.0628264 ], [ 72.8510477, 19.0628499 ], [ 72.851063, 19.0628239 ], [ 72.8510882, 19.0628372 ], [ 72.8509105, 19.0631512 ] ] ] } },
{ "type": "Feature", "properties": { "element": "relation", "id": 5317849, "building:levels": null }, "geometry": { "type": "Polygon", "coordinates": [ [ [ 72.8488068, 19.0694235 ], [ 72.8493125, 19.069676 ], [ 72.8495523, 19.0692471 ], [ 72.8490467, 19.0689945 ], [ 72.8488068, 19.0694235 ] ], [ [ 72.8490726, 19.0691002 ], [ 72.8494552, 19.0692946 ], [ 72.8492889, 19.0695869 ], [ 72.8489063, 19.0693924 ], [ 72.8490726, 19.0691002 ] ] ] } },
{ "type": "Feature", "properties": { "element": "relation", "id": 5317852, "building:levels": null }, "geometry": { "type": "Polygon", "coordinates": [ [ [ 72.847497, 19.0626701 ], [ 72.8475406, 19.0626699 ], [ 72.8475404, 19.0626285 ], [ 72.8475789, 19.0626283 ], [ 72.8475787, 19.0625846 ], [ 72.8475441, 19.0625848 ], [ 72.8475437, 19.0624903 ], [ 72.8475783, 19.0624902 ], [ 72.8475782, 19.0624574 ], [ 72.8475529, 19.0624575 ], [ 72.8475526, 19.0623937 ], [ 72.8474903, 19.0623939 ], [ 72.8474902, 19.0623584 ], [ 72.8469795, 19.0623605 ], [ 72.8469801, 19.062505 ], [ 72.847001, 19.0625049 ], [ 72.8470013, 19.0625611 ], [ 72.8469804, 19.0625612 ], [ 72.8469808, 19.0626489 ], [ 72.8470001, 19.0626488 ], [ 72.8470002, 19.062678 ], [ 72.8470481, 19.0626778 ], [ 72.8470482, 19.0627018 ], [ 72.8474971, 19.0627 ], [ 72.847497, 19.0626701 ] ], [ [ 72.847109, 19.0624294 ], [ 72.8471091, 19.0624571 ], [ 72.8471519, 19.0624569 ], [ 72.8471518, 19.0624293 ], [ 72.8472551, 19.0624289 ], [ 72.8472552, 19.0624519 ], [ 72.8472933, 19.0624517 ], [ 72.8472932, 19.0624287 ], [ 72.8474006, 19.0624283 ], [ 72.8474007, 19.0624583 ], [ 72.847449, 19.0624581 ], [ 72.8474488, 19.0624281 ], [ 72.8474895, 19.0624279 ], [ 72.8474905, 19.0626368 ], [ 72.8470559, 19.0626386 ], [ 72.847055, 19.0624297 ], [ 72.847109, 19.0624294 ] ] ] } },
{ "type": "Feature", "properties": { "element": "relation", "id": 5317853, "building:levels": null }, "geometry": { "type": "Polygon", "coordinates": [ [ [ 72.8490948, 19.0688906 ], [ 72.8496332, 19.0691541 ], [ 72.8498023, 19.0688455 ], [ 72.8492639, 19.068582 ], [ 72.8490948, 19.0688906 ] ], [ [ 72.8493118, 19.0686709 ], [ 72.8496906, 19.068858 ], [ 72.8495869, 19.0690454 ], [ 72.8492082, 19.0688582 ], [ 72.8493118, 19.0686709 ] ] ] } },
{ "type": "Feature", "properties": { "element": "relation", "id": 5317854, "building:levels": null }, "geometry": { "type": "Polygon", "coordinates": [ [ [ 72.8508014, 19.0624693 ], [ 72.850785, 19.0624996 ], [ 72.8511783, 19.0626892 ], [ 72.8511859, 19.0626751 ], [ 72.8512332, 19.062698 ], [ 72.8512576, 19.0626528 ], [ 72.8512885, 19.0626677 ], [ 72.8513089, 19.06263 ], [ 72.8512786, 19.0626153 ], [ 72.851325, 19.0625293 ], [ 72.8513553, 19.0625439 ], [ 72.8513748, 19.0625079 ], [ 72.8513579, 19.0624997 ], [ 72.8513866, 19.0624466 ], [ 72.8513306, 19.0624197 ], [ 72.8513536, 19.062377 ], [ 72.8512799, 19.0623415 ], [ 72.8512721, 19.0623559 ], [ 72.8511817, 19.0623123 ], [ 72.8511895, 19.0622979 ], [ 72.8511491, 19.0622784 ], [ 72.8511454, 19.0622853 ], [ 72.8510154, 19.0622227 ], [ 72.8510191, 19.0622157 ], [ 72.85096, 19.0621872 ], [ 72.8509407, 19.0622229 ], [ 72.8508812, 19.0621943 ], [ 72.8508338, 19.0622821 ], [ 72.8508425, 19.0622863 ], [ 72.8507969, 19.0623708 ], [ 72.8507773, 19.0623613 ], [ 72.8507592, 19.0623948 ], [ 72.8507752, 19.0624025 ], [ 72.850752, 19.0624455 ], [ 72.8508014, 19.0624693 ] ], [ [ 72.8513112, 19.0624477 ], [ 72.8512085, 19.06263 ], [ 72.8508102, 19.0624296 ], [ 72.8509129, 19.0622473 ], [ 72.8513112, 19.0624477 ] ] ] } },
{ "type": "Feature", "properties": { "element": "relation", "id": 5317855, "building:levels": null }, "geometry": { "type": "Polygon", "coordinates": [ [ [ 72.8487767, 19.0659619 ], [ 72.8487853, 19.0659138 ], [ 72.8489987, 19.065921 ], [ 72.8490487, 19.065842 ], [ 72.8491067, 19.0657726 ], [ 72.8491823, 19.065713 ], [ 72.849315, 19.0656457 ], [ 72.8493073, 19.0654231 ], [ 72.8493563, 19.0654249 ], [ 72.8493573, 19.0653795 ], [ 72.8492088, 19.0653936 ], [ 72.8490728, 19.0654304 ], [ 72.8489598, 19.0654835 ], [ 72.8488648, 19.0655679 ], [ 72.848769, 19.0657566 ], [ 72.8487353, 19.0658647 ], [ 72.8487402, 19.0659537 ], [ 72.8487767, 19.0659619 ] ], [ [ 72.8488341, 19.0658397 ], [ 72.8488471, 19.065772 ], [ 72.8488682, 19.0657041 ], [ 72.8489235, 19.0656207 ], [ 72.8490139, 19.065538 ], [ 72.8492362, 19.0654693 ], [ 72.8492321, 19.0655271 ], [ 72.8492369, 19.0655617 ], [ 72.8492302, 19.0655945 ], [ 72.8490619, 19.0656961 ], [ 72.8489583, 19.065836 ], [ 72.8488341, 19.0658397 ] ] ] } },
{ "type": "Feature", "properties": { "element": "relation", "id": 5317857, "building:levels": null }, "geometry": { "type": "Polygon", "coordinates": [ [ [ 72.8511947, 19.0615628 ], [ 72.8517311, 19.0618204 ], [ 72.8518983, 19.0615095 ], [ 72.851362, 19.0612518 ], [ 72.8511947, 19.0615628 ] ], [ [ 72.8517961, 19.0615474 ], [ 72.8516915, 19.0617353 ], [ 72.8512973, 19.061539 ], [ 72.851402, 19.0613512 ], [ 72.8517961, 19.0615474 ] ] ] } },
{ "type": "Feature", "properties": { "element": "relation", "id": 5350024, "building:levels": null }, "geometry": { "type": "Polygon", "coordinates": [ [ [ 72.8457348, 19.0573393 ], [ 72.8457185, 19.0569424 ], [ 72.8453931, 19.0569544 ], [ 72.8454094, 19.0573513 ], [ 72.8457348, 19.0573393 ] ], [ [ 72.8454804, 19.0570418 ], [ 72.8456208, 19.0570381 ], [ 72.8456238, 19.0571423 ], [ 72.8454834, 19.0571459 ], [ 72.8454804, 19.0570418 ] ] ] } },
{ "type": "Feature", "properties": { "element": "relation", "id": 5355775, "building:levels": "9" }, "geometry": { "type": "Polygon", "coordinates": [ [ [ 72.8656303, 19.0662579 ], [ 72.8655163, 19.0662912 ], [ 72.8651859, 19.0660974 ], [ 72.8651511, 19.0659179 ], [ 72.864643, 19.066006 ], [ 72.8643944, 19.0658556 ], [ 72.8647927, 19.0657658 ], [ 72.8648507, 19.0656669 ], [ 72.8652539, 19.0656126 ], [ 72.8652823, 19.0655828 ], [ 72.86535, 19.0655759 ], [ 72.8653451, 19.0655325 ], [ 72.8654511, 19.0655217 ], [ 72.8654461, 19.0654783 ], [ 72.8653358, 19.0654895 ], [ 72.8653126, 19.0654636 ], [ 72.8652571, 19.0654689 ], [ 72.8652354, 19.0654447 ], [ 72.8647202, 19.0655359 ], [ 72.86468, 19.06561 ], [ 72.8642254, 19.0657147 ], [ 72.8639963, 19.0655663 ], [ 72.8643548, 19.0654874 ], [ 72.8643891, 19.065398 ], [ 72.8647061, 19.0653438 ], [ 72.8647422, 19.0653058 ], [ 72.8649321, 19.0652676 ], [ 72.8649133, 19.0651841 ], [ 72.864761, 19.0652147 ], [ 72.864712, 19.0651723 ], [ 72.8642718, 19.0652543 ], [ 72.8642292, 19.0653295 ], [ 72.8640622, 19.0653624 ], [ 72.8639929, 19.0653059 ], [ 72.8638832, 19.065334 ], [ 72.8638277, 19.0652893 ], [ 72.8636407, 19.0653367 ], [ 72.8633197, 19.0651148 ], [ 72.8633661, 19.0651042 ], [ 72.8634475, 19.0650294 ], [ 72.8640049, 19.0650277 ], [ 72.8640629, 19.0649605 ], [ 72.8644697, 19.0649769 ], [ 72.8645108, 19.0649526 ], [ 72.8646096, 19.0649571 ], [ 72.8646113, 19.064924 ], [ 72.8646914, 19.0649276 ], [ 72.8646937, 19.0648827 ], [ 72.8645998, 19.0648784 ], [ 72.8646011, 19.0648528 ], [ 72.8645392, 19.06485 ], [ 72.8645176, 19.0648176 ], [ 72.8639749, 19.0647844 ], [ 72.8639167, 19.064853 ], [ 72.8635867, 19.0648402 ], [ 72.8635877, 19.0648176 ], [ 72.8635564, 19.0647856 ], [ 72.8637318, 19.0646326 ], [ 72.8638771, 19.0646321 ], [ 72.8638977, 19.0646133 ], [ 72.8644754, 19.0646376 ], [ 72.8645606, 19.0645806 ], [ 72.8649632, 19.0645971 ], [ 72.8650043, 19.0645645 ], [ 72.8651966, 19.0645684 ], [ 72.8651967, 19.064503 ], [ 72.8650905, 19.0645045 ], [ 72.8650709, 19.0644736 ], [ 72.8650188, 19.0644693 ], [ 72.8650002, 19.0644399 ], [ 72.8644684, 19.0644187 ], [ 72.8644102, 19.0644719 ], [ 72.8640751, 19.064455 ], [ 72.8640213, 19.0643855 ], [ 72.8642308, 19.0642407 ], [ 72.8643637, 19.0642503 ], [ 72.8644007, 19.064233 ], [ 72.8648321, 19.0642478 ], [ 72.8649078, 19.0641857 ], [ 72.8650702, 19.0641904 ], [ 72.8651063, 19.0641662 ], [ 72.8651912, 19.0641707 ], [ 72.8651934, 19.0641336 ], [ 72.8652393, 19.064136 ], [ 72.8652413, 19.0641023 ], [ 72.8651971, 19.0640999 ], [ 72.8651824, 19.0640666 ], [ 72.8651266, 19.0640648 ], [ 72.8651079, 19.0640225 ], [ 72.8648091, 19.0640139 ], [ 72.864761, 19.0640878 ], [ 72.8645528, 19.0640725 ], [ 72.8645203, 19.0640056 ], [ 72.8646991, 19.06384 ], [ 72.8646819, 19.0637867 ], [ 72.8648136, 19.0636522 ], [ 72.8649418, 19.0636557 ], [ 72.8650428, 19.0637898 ], [ 72.8650462, 19.0638637 ], [ 72.8650992, 19.0638615 ], [ 72.8650957, 19.0637843 ], [ 72.8651178, 19.0637507 ], [ 72.8650978, 19.0636877 ], [ 72.8650755, 19.0636508 ], [ 72.8650554, 19.0635841 ], [ 72.8649998, 19.0635132 ], [ 72.865001, 19.0634721 ], [ 72.864766, 19.0634658 ], [ 72.8646464, 19.063587 ], [ 72.8646709, 19.0636086 ], [ 72.8645962, 19.0636843 ], [ 72.8645277, 19.0636817 ], [ 72.8645252, 19.0637408 ], [ 72.8645597, 19.0637422 ], [ 72.8645583, 19.0637758 ], [ 72.8643036, 19.0640032 ], [ 72.8643572, 19.0640568 ], [ 72.8642789, 19.0641267 ], [ 72.8641829, 19.0641093 ], [ 72.8638198, 19.0643714 ], [ 72.8638798, 19.0644456 ], [ 72.8637868, 19.0645127 ], [ 72.8636772, 19.0645054 ], [ 72.8633275, 19.0647902 ], [ 72.8633613, 19.0648273 ], [ 72.8633218, 19.0649159 ], [ 72.8632008, 19.0649159 ], [ 72.863055, 19.0650995 ], [ 72.8636277, 19.0655057 ], [ 72.8636687, 19.0656053 ], [ 72.8637473, 19.0655764 ], [ 72.8640967, 19.0657948 ], [ 72.8641239, 19.0658629 ], [ 72.8641919, 19.0658565 ], [ 72.8645277, 19.0660698 ], [ 72.8645774, 19.0661783 ], [ 72.8646541, 19.0661469 ], [ 72.8648519, 19.0663021 ], [ 72.8648988, 19.0662831 ], [ 72.8649151, 19.0662458 ], [ 72.864892, 19.0661803 ], [ 72.8649401, 19.0661105 ], [ 72.8652801, 19.0663198 ], [ 72.8653264, 19.0664702 ], [ 72.8657112, 19.0663643 ], [ 72.8656972, 19.0663187 ], [ 72.8657772, 19.0662967 ], [ 72.8657516, 19.0662138 ], [ 72.8659907, 19.0661479 ], [ 72.8658808, 19.0657918 ], [ 72.8655113, 19.0658937 ], [ 72.8656303, 19.0662579 ] ], [ [ 72.865677, 19.0659791 ], [ 72.8658711, 19.0659098 ], [ 72.8659438, 19.0660919 ], [ 72.8657497, 19.0661611 ], [ 72.865677, 19.0659791 ] ] ] } },
{ "type": "Feature", "properties": { "element": "relation", "id": 12302814, "building:levels": null }, "geometry": { "type": "Polygon", "coordinates": [ [ [ 72.8480965, 19.0673018 ], [ 72.8480901, 19.0674124 ], [ 72.8481886, 19.0674188 ], [ 72.8482316, 19.067438 ], [ 72.8483372, 19.0673537 ], [ 72.8483085, 19.0673152 ], [ 72.8483455, 19.0672744 ], [ 72.848301, 19.0671941 ], [ 72.8482558, 19.0671865 ], [ 72.8482136, 19.0671457 ], [ 72.8482118, 19.0670846 ], [ 72.8481885, 19.0670524 ], [ 72.8481375, 19.067048 ], [ 72.8480885, 19.0669769 ], [ 72.8479339, 19.0670935 ], [ 72.848, 19.0671885 ], [ 72.8479822, 19.0672928 ], [ 72.8480965, 19.0673018 ] ] ] } },
{ "type": "Feature", "properties": { "element": "relation", "id": 12907608, "building:levels": null }, "geometry": { "type": "Polygon", "coordinates": [ [ [ 72.8498879, 19.065814 ], [ 72.8499334, 19.0658482 ], [ 72.8499723, 19.0658891 ], [ 72.8500036, 19.0659354 ], [ 72.8500263, 19.0659861 ], [ 72.8500399, 19.0660395 ], [ 72.8500439, 19.0660944 ], [ 72.8500383, 19.0661491 ], [ 72.8500232, 19.0662022 ], [ 72.849999, 19.0662522 ], [ 72.8502192, 19.0664042 ], [ 72.8502688, 19.0663111 ], [ 72.8503004, 19.0662113 ], [ 72.850313, 19.0661079 ], [ 72.8503063, 19.0660039 ], [ 72.8502806, 19.0659026 ], [ 72.8502365, 19.0658072 ], [ 72.8501754, 19.0657204 ], [ 72.8500993, 19.0656451 ], [ 72.8500104, 19.0655836 ], [ 72.8498879, 19.065814 ] ], [ [ 72.8501138, 19.065767 ], [ 72.8501672, 19.0658429 ], [ 72.8502058, 19.0659264 ], [ 72.8502283, 19.0660149 ], [ 72.8502341, 19.0661058 ], [ 72.8502231, 19.0661963 ], [ 72.8501907, 19.0662925 ], [ 72.8500971, 19.066228 ], [ 72.8501159, 19.0661624 ], [ 72.8501227, 19.0660954 ], [ 72.8501178, 19.0660282 ], [ 72.8501012, 19.0659627 ], [ 72.8500734, 19.0659007 ], [ 72.8500351, 19.0658439 ], [ 72.8499868, 19.0657934 ], [ 72.8500389, 19.0656954 ], [ 72.8501138, 19.065767 ] ] ] } },
{ "type": "Feature", "properties": { "element": "relation", "id": 16052078, "building:levels": null }, "geometry": { "type": "Polygon", "coordinates": [ [ [ 72.8627005, 19.0521724 ], [ 72.8626561, 19.0521865 ], [ 72.8626159, 19.0522091 ], [ 72.8625815, 19.0522391 ], [ 72.8625544, 19.0522752 ], [ 72.8625359, 19.0523159 ], [ 72.8625267, 19.0523593 ], [ 72.8625272, 19.0524035 ], [ 72.8625375, 19.0524467 ], [ 72.8625571, 19.0524869 ], [ 72.862585, 19.0525224 ], [ 72.8626202, 19.0525517 ], [ 72.862661, 19.0525733 ], [ 72.8627058, 19.0525865 ], [ 72.8627524, 19.0525906 ], [ 72.8627989, 19.0525854 ], [ 72.8628432, 19.0525713 ], [ 72.8628835, 19.0525487 ], [ 72.8629179, 19.0525187 ], [ 72.862945, 19.0524825 ], [ 72.8629635, 19.0524419 ], [ 72.8629727, 19.0523985 ], [ 72.8629722, 19.0523542 ], [ 72.8629619, 19.0523111 ], [ 72.8629423, 19.0522709 ], [ 72.8629143, 19.0522354 ], [ 72.8628792, 19.0522061 ], [ 72.8628383, 19.0521845 ], [ 72.8627936, 19.0521713 ], [ 72.862747, 19.0521672 ], [ 72.8627005, 19.0521724 ] ], [ [ 72.8627255, 19.0523583 ], [ 72.8627379, 19.0523453 ], [ 72.8627551, 19.0523388 ], [ 72.8627736, 19.0523399 ], [ 72.8627898, 19.0523485 ], [ 72.8628004, 19.0523629 ], [ 72.8628033, 19.0523802 ], [ 72.8627981, 19.052397 ], [ 72.8627856, 19.0524099 ], [ 72.8627684, 19.0524165 ], [ 72.8627499, 19.0524154 ], [ 72.8627337, 19.0524068 ], [ 72.8627231, 19.0523924 ], [ 72.8627202, 19.0523751 ], [ 72.8627255, 19.0523583 ] ] ] } },
{ "type": "Feature", "properties": { "element": "way", "id": 126018390, "building:levels": null }, "geometry": { "type": "Polygon", "coordinates": [ [ [ 72.8509696, 19.054729 ], [ 72.8510889, 19.0545133 ], [ 72.8513017, 19.0546185 ], [ 72.8511824, 19.0548342 ], [ 72.8509696, 19.054729 ] ] ] } },
{ "type": "Feature", "properties": { "element": "way", "id": 126018394, "building:levels": null }, "geometry": { "type": "Polygon", "coordinates": [ [ [ 72.8506402, 19.0542538 ], [ 72.8503309, 19.0547743 ], [ 72.8505349, 19.0548826 ], [ 72.8508443, 19.0543622 ], [ 72.8506402, 19.0542538 ] ] ] } },
{ "type": "Feature", "properties": { "element": "way", "id": 126018396, "building:levels": null }, "geometry": { "type": "Polygon", "coordinates": [ [ [ 72.8506407, 19.0552325 ], [ 72.8508224, 19.054899 ], [ 72.8510849, 19.0550267 ], [ 72.8509033, 19.0553602 ], [ 72.8506407, 19.0552325 ] ] ] } },
{ "type": "Feature", "properties": { "element": "way", "id": 126018397, "building:levels": null }, "geometry": { "type": "Polygon", "coordinates": [ [ [ 72.8498922, 19.0544909 ], [ 72.8501748, 19.0539911 ], [ 72.850386, 19.0540978 ], [ 72.8501034, 19.0545976 ], [ 72.8498922, 19.0544909 ] ] ] } },
{ "type": "Feature", "properties": { "element": "way", "id": 126018399, "building:levels": null }, "geometry": { "type": "Polygon", "coordinates": [ [ [ 72.8496025, 19.0540572 ], [ 72.8498128, 19.0541668 ], [ 72.849977, 19.0538853 ], [ 72.8497667, 19.0537757 ], [ 72.8496025, 19.0540572 ] ] ] } },
{ "type": "Feature", "properties": { "element": "way", "id": 291310456, "building:levels": null }, "geometry": { "type": "Polygon", "coordinates": [ [ [ 72.8458377, 19.060323 ], [ 72.8460853, 19.060285 ], [ 72.8460679, 19.0601834 ], [ 72.8458203, 19.0602214 ], [ 72.8458377, 19.060323 ] ] ] } },
{ "type": "Feature", "properties": { "element": "way", "id": 291310457, "building:levels": null }, "geometry": { "type": "Polygon", "coordinates": [ [ [ 72.8456105, 19.0606331 ], [ 72.8461645, 19.0605299 ], [ 72.8461394, 19.0604098 ], [ 72.8455855, 19.060513 ], [ 72.8456105, 19.0606331 ] ] ] } },
{ "type": "Feature", "properties": { "element": "way", "id": 291324677, "building:levels": null }, "geometry": { "type": "Polygon", "coordinates": [ [ [ 72.8459951, 19.0634596 ], [ 72.8461169, 19.0634491 ], [ 72.8460744, 19.0630092 ], [ 72.8459526, 19.0630197 ], [ 72.8459951, 19.0634596 ] ] ] } },
{ "type": "Feature", "properties": { "element": "way", "id": 291324678, "building:levels": null }, "geometry": { "type": "Polygon", "coordinates": [ [ [ 72.8474423, 19.0669067 ], [ 72.8474479, 19.0669703 ], [ 72.8473413, 19.0669788 ], [ 72.8473489, 19.0670653 ], [ 72.8476225, 19.0670436 ], [ 72.8475804, 19.0665691 ], [ 72.8471643, 19.0666021 ], [ 72.8471728, 19.0666978 ], [ 72.847422, 19.066678 ], [ 72.8474423, 19.0669067 ] ] ] } },
{ "type": "Feature", "properties": { "element": "way", "id": 291324680, "building:levels": null }, "geometry": { "type": "Polygon", "coordinates": [ [ [ 72.845201, 19.0642605 ], [ 72.8451998, 19.063246 ], [ 72.8457229, 19.0632486 ], [ 72.8457238, 19.0630918 ], [ 72.845931, 19.0630928 ], [ 72.845929, 19.0634355 ], [ 72.8454004, 19.0634328 ], [ 72.8454003, 19.0634625 ], [ 72.8454349, 19.0634627 ], [ 72.8454345, 19.0635358 ], [ 72.8453882, 19.0635356 ], [ 72.8453867, 19.0638074 ], [ 72.845448, 19.0638077 ], [ 72.8454477, 19.0638696 ], [ 72.8453717, 19.0638692 ], [ 72.845379, 19.0642636 ], [ 72.8453327, 19.0642645 ], [ 72.8453287, 19.0643688 ], [ 72.8453914, 19.0643695 ], [ 72.8453947, 19.0644203 ], [ 72.8458285, 19.0644292 ], [ 72.8458188, 19.0646459 ], [ 72.8451344, 19.0646538 ], [ 72.8451371, 19.0643746 ], [ 72.8452435, 19.0643741 ], [ 72.8452473, 19.0642613 ], [ 72.845201, 19.0642605 ] ] ] } },
{ "type": "Feature", "properties": { "element": "way", "id": 291324682, "building:levels": null }, "geometry": { "type": "Polygon", "coordinates": [ [ [ 72.8450524, 19.0627416 ], [ 72.8450382, 19.0626582 ], [ 72.8449987, 19.0626656 ], [ 72.8449864, 19.0625743 ], [ 72.8452954, 19.0625045 ], [ 72.8452991, 19.0625287 ], [ 72.8453512, 19.0625197 ], [ 72.8453581, 19.0625554 ], [ 72.8453923, 19.0625465 ], [ 72.8454001, 19.0626001 ], [ 72.8453635, 19.0626073 ], [ 72.8453697, 19.0626352 ], [ 72.8453375, 19.062643 ], [ 72.845342, 19.0626757 ], [ 72.8450524, 19.0627416 ] ] ] } },
{ "type": "Feature", "properties": { "element": "way", "id": 291324683, "building:levels": null }, "geometry": { "type": "Polygon", "coordinates": [ [ [ 72.8476346, 19.0673934 ], [ 72.8476004, 19.0671929 ], [ 72.8472942, 19.0672396 ], [ 72.8473146, 19.0673587 ], [ 72.8472175, 19.0673735 ], [ 72.8472012, 19.0672776 ], [ 72.8471137, 19.0672909 ], [ 72.847144, 19.0674682 ], [ 72.8476346, 19.0673934 ] ] ] } },
{ "type": "Feature", "properties": { "element": "way", "id": 291324684, "building:levels": null }, "geometry": { "type": "Polygon", "coordinates": [ [ [ 72.8455489, 19.0620935 ], [ 72.8455489, 19.0621467 ], [ 72.8456068, 19.0621479 ], [ 72.8456109, 19.0622205 ], [ 72.8455483, 19.062223 ], [ 72.8455471, 19.0622913 ], [ 72.8457038, 19.0622844 ], [ 72.8456939, 19.0620955 ], [ 72.8455489, 19.0620935 ] ] ] } },
{ "type": "Feature", "properties": { "element": "way", "id": 291325448, "building:levels": null }, "geometry": { "type": "Polygon", "coordinates": [ [ [ 72.8450302, 19.0624339 ], [ 72.8453167, 19.0623761 ], [ 72.8453029, 19.0623153 ], [ 72.8450164, 19.062373 ], [ 72.8450302, 19.0624339 ] ] ] } },
{ "type": "Feature", "properties": { "element": "way", "id": 291327672, "building:levels": null }, "geometry": { "type": "Polygon", "coordinates": [ [ [ 72.8450045, 19.0615539 ], [ 72.8450478, 19.0616983 ], [ 72.8450724, 19.0616917 ], [ 72.8450945, 19.0617656 ], [ 72.8451061, 19.0618044 ], [ 72.8452335, 19.0617704 ], [ 72.8451566, 19.0615132 ], [ 72.8450045, 19.0615539 ] ] ] } },
{ "type": "Feature", "properties": { "element": "way", "id": 291330547, "building:levels": null }, "geometry": { "type": "Polygon", "coordinates": [ [ [ 72.8501144, 19.0616736 ], [ 72.8498654, 19.0614792 ], [ 72.8501791, 19.0611202 ], [ 72.8504281, 19.0613147 ], [ 72.8501144, 19.0616736 ] ] ] } },
{ "type": "Feature", "properties": { "element": "way", "id": 291330550, "building:levels": null }, "geometry": { "type": "Polygon", "coordinates": [ [ [ 72.8480189, 19.0573747 ], [ 72.8480149, 19.0571604 ], [ 72.8479618, 19.0571613 ], [ 72.8479607, 19.0571071 ], [ 72.8478845, 19.0571084 ], [ 72.8478859, 19.057181 ], [ 72.8478592, 19.0571815 ], [ 72.8478657, 19.0575202 ], [ 72.8479084, 19.0575292 ], [ 72.8479216, 19.0575429 ], [ 72.8479272, 19.0575596 ], [ 72.8479346, 19.0576181 ], [ 72.8483731, 19.0576051 ], [ 72.8483693, 19.0574901 ], [ 72.8483685, 19.0574656 ], [ 72.8482605, 19.0574688 ], [ 72.8482596, 19.0574428 ], [ 72.848259, 19.0574232 ], [ 72.8480889, 19.0574282 ], [ 72.8480189, 19.0573747 ] ] ] } },
{ "type": "Feature", "properties": { "element": "way", "id": 291330551, "building:levels": null }, "geometry": { "type": "Polygon", "coordinates": [ [ [ 72.851581, 19.0604994 ], [ 72.8521895, 19.0603006 ], [ 72.8522754, 19.0605355 ], [ 72.8520132, 19.0606212 ], [ 72.8520344, 19.0606792 ], [ 72.8516673, 19.0607991 ], [ 72.8516494, 19.06075 ], [ 72.8516173, 19.0607605 ], [ 72.851561, 19.0606066 ], [ 72.8516139, 19.0605893 ], [ 72.851581, 19.0604994 ] ] ] } },
{ "type": "Feature", "properties": { "element": "way", "id": 291330552, "building:levels": null }, "geometry": { "type": "Polygon", "coordinates": [ [ [ 72.8518116, 19.0608604 ], [ 72.8520718, 19.0610024 ], [ 72.8521173, 19.0609339 ], [ 72.8521898, 19.0607032 ], [ 72.8521262, 19.0606893 ], [ 72.8520932, 19.0607286 ], [ 72.8520449, 19.060721 ], [ 72.8519867, 19.0608566 ], [ 72.8518607, 19.0607881 ], [ 72.8518116, 19.0608604 ] ] ] } },
{ "type": "Feature", "properties": { "element": "way", "id": 291330553, "building:levels": null }, "geometry": { "type": "Polygon", "coordinates": [ [ [ 72.8521415, 19.0610404 ], [ 72.8522622, 19.0610809 ], [ 72.8523587, 19.0609111 ], [ 72.8524051, 19.0607298 ], [ 72.8523488, 19.0607019 ], [ 72.8523649, 19.0606588 ], [ 72.8522684, 19.0606386 ], [ 72.8521415, 19.0610404 ] ] ] } },
{ "type": "Feature", "properties": { "element": "way", "id": 291330557, "building:levels": null }, "geometry": { "type": "Polygon", "coordinates": [ [ [ 72.8477321, 19.0586675 ], [ 72.8477147, 19.0575806 ], [ 72.8476918, 19.0569816 ], [ 72.8478366, 19.0569816 ], [ 72.8491938, 19.0580362 ], [ 72.8492126, 19.0586422 ], [ 72.8477321, 19.0586675 ] ] ] } },
{ "type": "Feature", "properties": { "element": "way", "id": 291330562, "building:levels": null }, "geometry": { "type": "Polygon", "coordinates": [ [ [ 72.8483971, 19.0609466 ], [ 72.8484803, 19.0609466 ], [ 72.8484856, 19.0608857 ], [ 72.8485581, 19.0608857 ], [ 72.8485607, 19.0609821 ], [ 72.8487029, 19.0610581 ], [ 72.8487914, 19.0610024 ], [ 72.8488397, 19.0610556 ], [ 72.8487753, 19.0611012 ], [ 72.8488137, 19.0611684 ], [ 72.8488048, 19.0612762 ], [ 72.8488772, 19.0612812 ], [ 72.8488799, 19.061375 ], [ 72.8492581, 19.06137 ], [ 72.8492562, 19.0612445 ], [ 72.8492026, 19.0612419 ], [ 72.8492072, 19.0611849 ], [ 72.8491455, 19.0611824 ], [ 72.8491463, 19.0611202 ], [ 72.8490819, 19.0611228 ], [ 72.8490811, 19.0610556 ], [ 72.849006, 19.0610581 ], [ 72.8489041, 19.0609314 ], [ 72.8488271, 19.0609681 ], [ 72.848811, 19.0609377 ], [ 72.8488826, 19.0608959 ], [ 72.8488459, 19.0608414 ], [ 72.8487117, 19.0607704 ], [ 72.8485983, 19.0607514 ], [ 72.8485956, 19.0608426 ], [ 72.8485696, 19.0608439 ], [ 72.8485634, 19.0607565 ], [ 72.8483899, 19.0607679 ], [ 72.8483971, 19.0609466 ] ] ] } },
{ "type": "Feature", "properties": { "element": "way", "id": 291330563, "building:levels": null }, "geometry": { "type": "Polygon", "coordinates": [ [ [ 72.8481933, 19.0613649 ], [ 72.8483354, 19.0613649 ], [ 72.8483381, 19.0609491 ], [ 72.848381, 19.0609491 ], [ 72.8483837, 19.060797 ], [ 72.8482013, 19.0608046 ], [ 72.8481986, 19.0607843 ], [ 72.8480573, 19.0607881 ], [ 72.8479921, 19.0608249 ], [ 72.8479546, 19.0608705 ], [ 72.8479331, 19.0609263 ], [ 72.8479304, 19.0609745 ], [ 72.8479331, 19.0610226 ], [ 72.8481101, 19.0610277 ], [ 72.8481243, 19.0609352 ], [ 72.848196, 19.0609339 ], [ 72.8481933, 19.0613649 ] ] ] } },
{ "type": "Feature", "properties": { "element": "way", "id": 291750117, "building:levels": null }, "geometry": { "type": "Polygon", "coordinates": [ [ [ 72.8449069, 19.0607311 ], [ 72.8450096, 19.0607134 ], [ 72.8449952, 19.0606389 ], [ 72.8452335, 19.0605977 ], [ 72.8452508, 19.0606872 ], [ 72.8453513, 19.0606699 ], [ 72.8453454, 19.0606397 ], [ 72.8453656, 19.0606363 ], [ 72.8453455, 19.0605321 ], [ 72.8452922, 19.0605413 ], [ 72.8452803, 19.06048 ], [ 72.8451361, 19.0605049 ], [ 72.8451304, 19.0604759 ], [ 72.8450116, 19.0604964 ], [ 72.8450185, 19.0605319 ], [ 72.8449262, 19.0605478 ], [ 72.8449341, 19.0605888 ], [ 72.8448812, 19.0605979 ], [ 72.8449069, 19.0607311 ] ] ] } },
{ "type": "Feature", "properties": { "element": "way", "id": 313412174, "building:levels": null }, "geometry": { "type": "Polygon", "coordinates": [ [ [ 72.8483603, 19.0569252 ], [ 72.8486402, 19.0571388 ], [ 72.8485103, 19.0572908 ], [ 72.8482304, 19.0570772 ], [ 72.8483603, 19.0569252 ] ] ] } },
{ "type": "Feature", "properties": { "element": "way", "id": 313412180, "building:levels": null }, "geometry": { "type": "Polygon", "coordinates": [ [ [ 72.8543212, 19.0595366 ], [ 72.8546405, 19.0595096 ], [ 72.854633, 19.0594301 ], [ 72.8545177, 19.0594398 ], [ 72.8545045, 19.0592992 ], [ 72.8544143, 19.0593068 ], [ 72.8544278, 19.05945 ], [ 72.8543139, 19.0594596 ], [ 72.8543212, 19.0595366 ] ] ] } },
{ "type": "Feature", "properties": { "element": "way", "id": 314707802, "building:levels": null }, "geometry": { "type": "Polygon", "coordinates": [ [ [ 72.8461506, 19.059979 ], [ 72.8460272, 19.0599804 ], [ 72.8460265, 19.0599215 ], [ 72.8459504, 19.0599223 ], [ 72.8459491, 19.0598178 ], [ 72.8459719, 19.0598176 ], [ 72.8459712, 19.0597667 ], [ 72.8459479, 19.0597669 ], [ 72.8459465, 19.0596531 ], [ 72.8460151, 19.0596523 ], [ 72.8460145, 19.0596064 ], [ 72.8461658, 19.0596048 ], [ 72.8461672, 19.0597145 ], [ 72.8460471, 19.0597159 ], [ 72.8460491, 19.0598798 ], [ 72.8461494, 19.0598787 ], [ 72.8461506, 19.059979 ] ] ] } },
{ "type": "Feature", "properties": { "element": "way", "id": 314707803, "building:levels": null }, "geometry": { "type": "Polygon", "coordinates": [ [ [ 72.8450364, 19.065316 ], [ 72.8450299, 19.0655895 ], [ 72.8451668, 19.0655925 ], [ 72.8451733, 19.0653189 ], [ 72.8450364, 19.065316 ] ] ] } },
{ "type": "Feature", "properties": { "element": "way", "id": 314707810, "building:levels": null }, "geometry": { "type": "Polygon", "coordinates": [ [ [ 72.8452668, 19.0652274 ], [ 72.8452821, 19.0651422 ], [ 72.845579, 19.0651896 ], [ 72.8455637, 19.0652748 ], [ 72.8452668, 19.0652274 ] ] ] } },
{ "type": "Feature", "properties": { "element": "way", "id": 314712986, "building:levels": null }, "geometry": { "type": "Polygon", "coordinates": [ [ [ 72.8448716, 19.0602874 ], [ 72.8448978, 19.0604559 ], [ 72.8453069, 19.0603991 ], [ 72.8452769, 19.0602062 ], [ 72.8451513, 19.0602237 ], [ 72.8451661, 19.0603187 ], [ 72.8449942, 19.0603426 ], [ 72.8449832, 19.0602719 ], [ 72.8448716, 19.0602874 ] ] ] } },
{ "type": "Feature", "properties": { "element": "way", "id": 314713020, "building:levels": null }, "geometry": { "type": "Polygon", "coordinates": [ [ [ 72.845552, 19.0609678 ], [ 72.8453645, 19.0610162 ], [ 72.845444, 19.0612913 ], [ 72.8456115, 19.061248 ], [ 72.8455936, 19.0611862 ], [ 72.845508, 19.0612083 ], [ 72.8454701, 19.0610774 ], [ 72.8455758, 19.0610502 ], [ 72.845552, 19.0609678 ] ] ] } },
{ "type": "Feature", "properties": { "element": "way", "id": 314713049, "building:levels": null }, "geometry": { "type": "Polygon", "coordinates": [ [ [ 72.844749, 19.0592451 ], [ 72.8453944, 19.0592999 ], [ 72.8454026, 19.0592105 ], [ 72.8451422, 19.0591885 ], [ 72.8451485, 19.0591225 ], [ 72.8449512, 19.0591058 ], [ 72.8449443, 19.0591787 ], [ 72.8447568, 19.0591629 ], [ 72.844749, 19.0592451 ] ] ] } },
{ "type": "Feature", "properties": { "element": "way", "id": 314716289, "building:levels": null }, "geometry": { "type": "Polygon", "coordinates": [ [ [ 72.8456482, 19.0595086 ], [ 72.8458479, 19.059499 ], [ 72.8458291, 19.0591478 ], [ 72.845637, 19.059157 ], [ 72.8456421, 19.0592514 ], [ 72.8457206, 19.0592476 ], [ 72.8457286, 19.0593971 ], [ 72.8456424, 19.0594012 ], [ 72.8456482, 19.0595086 ] ] ] } },
{ "type": "Feature", "properties": { "element": "way", "id": 314716292, "building:levels": null }, "geometry": { "type": "Polygon", "coordinates": [ [ [ 72.8458747, 19.0595031 ], [ 72.8460927, 19.0594964 ], [ 72.8460883, 19.059372 ], [ 72.8460081, 19.0593745 ], [ 72.8460034, 19.0592401 ], [ 72.8460845, 19.0592376 ], [ 72.8460807, 19.0591258 ], [ 72.8458618, 19.0591326 ], [ 72.8458747, 19.0595031 ] ] ] } },
{ "type": "Feature", "properties": { "element": "way", "id": 314718281, "building:levels": null }, "geometry": { "type": "Polygon", "coordinates": [ [ [ 72.8448156, 19.0557474 ], [ 72.8452163, 19.055777 ], [ 72.8452076, 19.0558822 ], [ 72.844807, 19.0558527 ], [ 72.8448156, 19.0557474 ] ] ] } },
{ "type": "Feature", "properties": { "element": "way", "id": 314718284, "building:levels": "2" }, "geometry": { "type": "Polygon", "coordinates": [ [ [ 72.8455988, 19.0585272 ], [ 72.8457798, 19.0585277 ], [ 72.8457811, 19.0581534 ], [ 72.8455629, 19.0581528 ], [ 72.8455625, 19.058258 ], [ 72.8456617, 19.0582583 ], [ 72.8456612, 19.0584079 ], [ 72.8455992, 19.0584077 ], [ 72.8455988, 19.0585272 ] ] ] } },
{ "type": "Feature", "properties": { "element": "way", "id": 314718287, "building:levels": null }, "geometry": { "type": "Polygon", "coordinates": [ [ [ 72.8457224, 19.0551389 ], [ 72.8458834, 19.0551363 ], [ 72.8459182, 19.0551789 ], [ 72.8459263, 19.0553316 ], [ 72.8458968, 19.055367 ], [ 72.8457305, 19.0553747 ], [ 72.8456876, 19.055329 ], [ 72.8456795, 19.0551896 ], [ 72.8457224, 19.0551389 ] ] ] } },
{ "type": "Feature", "properties": { "element": "way", "id": 314723226, "building:levels": "15" }, "geometry": { "type": "Polygon", "coordinates": [ [ [ 72.8459885, 19.0585044 ], [ 72.8461016, 19.0585031 ], [ 72.8461068, 19.058137 ], [ 72.8460836, 19.0581377 ], [ 72.8460834, 19.0581178 ], [ 72.845996, 19.0581213 ], [ 72.8459902, 19.058157 ], [ 72.845903, 19.0581603 ], [ 72.8459027, 19.058262 ], [ 72.8459552, 19.0582613 ], [ 72.8459566, 19.0583735 ], [ 72.8459015, 19.0583742 ], [ 72.8459034, 19.0584322 ], [ 72.8459884, 19.0584315 ], [ 72.8459885, 19.0585044 ] ] ] } },
{ "type": "Feature", "properties": { "element": "way", "id": 314723231, "building:levels": null }, "geometry": { "type": "Polygon", "coordinates": [ [ [ 72.8451226, 19.0547531 ], [ 72.8452426, 19.0547467 ], [ 72.8452516, 19.0549002 ], [ 72.8454069, 19.054892 ], [ 72.8454004, 19.0547819 ], [ 72.8453971, 19.054712 ], [ 72.8456351, 19.054702 ], [ 72.8456861, 19.0547563 ], [ 72.8456932, 19.0549917 ], [ 72.8456395, 19.0550401 ], [ 72.8454039, 19.0550525 ], [ 72.8453984, 19.0549584 ], [ 72.8452676, 19.0549653 ], [ 72.8452848, 19.0552562 ], [ 72.8451528, 19.0552631 ], [ 72.8451226, 19.0547531 ] ] ] } },
{ "type": "Feature", "properties": { "element": "way", "id": 314723232, "building:levels": null }, "geometry": { "type": "Polygon", "coordinates": [ [ [ 72.8458728, 19.0576037 ], [ 72.8460613, 19.0576158 ], [ 72.8460492, 19.0577836 ], [ 72.8458607, 19.0577715 ], [ 72.8458728, 19.0576037 ] ] ] } },
{ "type": "Feature", "properties": { "element": "way", "id": 314723234, "building:levels": null }, "geometry": { "type": "Polygon", "coordinates": [ [ [ 72.8457052, 19.0610084 ], [ 72.8457377, 19.0612249 ], [ 72.8459178, 19.0612007 ], [ 72.8459077, 19.0611332 ], [ 72.8457721, 19.0611514 ], [ 72.8457497, 19.0610024 ], [ 72.8457052, 19.0610084 ] ] ] } },
{ "type": "Feature", "properties": { "element": "way", "id": 314723237, "building:levels": null }, "geometry": { "type": "Polygon", "coordinates": [ [ [ 72.8457436, 19.0576206 ], [ 72.8455535, 19.0576267 ], [ 72.8455677, 19.0580193 ], [ 72.8457049, 19.0580149 ], [ 72.8457019, 19.0579312 ], [ 72.8457582, 19.0579294 ], [ 72.845757, 19.0578955 ], [ 72.8456965, 19.0578974 ], [ 72.8456921, 19.0577755 ], [ 72.8457491, 19.0577737 ], [ 72.8457436, 19.0576206 ] ] ] } },
{ "type": "Feature", "properties": { "element": "way", "id": 314861551, "building:levels": null }, "geometry": { "type": "Polygon", "coordinates": [ [ [ 72.847464, 19.0600465 ], [ 72.847465, 19.0600153 ], [ 72.8474183, 19.0600139 ], [ 72.8474172, 19.0600465 ], [ 72.8472779, 19.0600465 ], [ 72.8472779, 19.0601373 ], [ 72.8474141, 19.0601373 ], [ 72.8474134, 19.0601582 ], [ 72.8474601, 19.0601596 ], [ 72.8474609, 19.0601373 ], [ 72.847603, 19.0601373 ], [ 72.847603, 19.0600465 ], [ 72.847464, 19.0600465 ] ] ] } },
{ "type": "Feature", "properties": { "element": "way", "id": 314861552, "building:levels": null }, "geometry": { "type": "Polygon", "coordinates": [ [ [ 72.8469597, 19.0601658 ], [ 72.8470828, 19.060217 ], [ 72.8471764, 19.0602799 ], [ 72.8472404, 19.0603404 ], [ 72.8472922, 19.0603893 ], [ 72.8473414, 19.0604521 ], [ 72.847403, 19.0604079 ], [ 72.8473414, 19.0603171 ], [ 72.8472774, 19.060238 ], [ 72.8471912, 19.0601704 ], [ 72.8471074, 19.0601309 ], [ 72.8469942, 19.060089 ], [ 72.8469597, 19.0601658 ] ] ] } },
{ "type": "Feature", "properties": { "element": "way", "id": 314861553, "building:levels": null }, "geometry": { "type": "Polygon", "coordinates": [ [ [ 72.8474953, 19.0598619 ], [ 72.8474485, 19.0598605 ], [ 72.8474482, 19.0598721 ], [ 72.8473341, 19.0598721 ], [ 72.8473334, 19.0599839 ], [ 72.8474443, 19.0599839 ], [ 72.8474436, 19.0600048 ], [ 72.8474904, 19.0600063 ], [ 72.8474911, 19.0599839 ], [ 72.8475997, 19.0599839 ], [ 72.8475997, 19.0598721 ], [ 72.8474942, 19.0598721 ], [ 72.8474953, 19.0598619 ] ] ] } },
{ "type": "Feature", "properties": { "element": "way", "id": 314861556, "building:levels": null }, "geometry": { "type": "Polygon", "coordinates": [ [ [ 72.8480848, 19.059138 ], [ 72.8484862, 19.0591427 ], [ 72.8484877, 19.059031 ], [ 72.8480862, 19.0590264 ], [ 72.8480848, 19.059138 ] ] ] } },
{ "type": "Feature", "properties": { "element": "way", "id": 314861559, "building:levels": null }, "geometry": { "type": "Polygon", "coordinates": [ [ [ 72.8459455, 19.0573356 ], [ 72.8459504, 19.056998 ], [ 72.8458101, 19.0569962 ], [ 72.8458052, 19.0573337 ], [ 72.8459455, 19.0573356 ] ] ] } },
{ "type": "Feature", "properties": { "element": "way", "id": 314861560, "building:levels": null }, "geometry": { "type": "Polygon", "coordinates": [ [ [ 72.8474789, 19.0579671 ], [ 72.8475897, 19.0579671 ], [ 72.8475897, 19.0575714 ], [ 72.8474789, 19.0575714 ], [ 72.8474789, 19.0579671 ] ] ] } },
{ "type": "Feature", "properties": { "element": "way", "id": 314861562, "building:levels": null }, "geometry": { "type": "Polygon", "coordinates": [ [ [ 72.8504382, 19.0573219 ], [ 72.8506984, 19.0575299 ], [ 72.8507488, 19.0574735 ], [ 72.8506756, 19.0574149 ], [ 72.8507255, 19.0573592 ], [ 72.8507909, 19.0574114 ], [ 72.8508454, 19.0573504 ], [ 72.8505958, 19.0571508 ], [ 72.8505466, 19.0572058 ], [ 72.8506156, 19.057261 ], [ 72.8505693, 19.0573127 ], [ 72.8504977, 19.0572554 ], [ 72.8504382, 19.0573219 ] ] ] } },
{ "type": "Feature", "properties": { "element": "way", "id": 314861563, "building:levels": null }, "geometry": { "type": "Polygon", "coordinates": [ [ [ 72.8485502, 19.0593964 ], [ 72.848931, 19.0593941 ], [ 72.8489303, 19.0592899 ], [ 72.8485496, 19.0592922 ], [ 72.8485502, 19.0593964 ] ] ] } },
{ "type": "Feature", "properties": { "element": "way", "id": 314861566, "building:levels": null }, "geometry": { "type": "Polygon", "coordinates": [ [ [ 72.8452685, 19.0540374 ], [ 72.8453294, 19.0542388 ], [ 72.8455821, 19.0541705 ], [ 72.8455212, 19.0539691 ], [ 72.8452685, 19.0540374 ] ] ] } },
{ "type": "Feature", "properties": { "element": "way", "id": 314861567, "building:levels": null }, "geometry": { "type": "Polygon", "coordinates": [ [ [ 72.849462, 19.0596058 ], [ 72.8497946, 19.0596568 ], [ 72.8497789, 19.0595218 ], [ 72.8494707, 19.0595235 ], [ 72.849462, 19.0596058 ] ] ] } },
{ "type": "Feature", "properties": { "element": "way", "id": 314861571, "building:levels": null }, "geometry": { "type": "Polygon", "coordinates": [ [ [ 72.849129, 19.0592404 ], [ 72.8492471, 19.0592386 ], [ 72.8492397, 19.0588057 ], [ 72.8491216, 19.0588075 ], [ 72.849129, 19.0592404 ] ] ] } },
{ "type": "Feature", "properties": { "element": "way", "id": 314861572, "building:levels": null }, "geometry": { "type": "Polygon", "coordinates": [ [ [ 72.8479518, 19.059557 ], [ 72.8480872, 19.0595545 ], [ 72.8480798, 19.059203 ], [ 72.8479444, 19.0592055 ], [ 72.8479518, 19.059557 ] ] ] } },
{ "type": "Feature", "properties": { "element": "way", "id": 314861574, "building:levels": null }, "geometry": { "type": "Polygon", "coordinates": [ [ [ 72.8459447, 19.0580525 ], [ 72.8460727, 19.0580595 ], [ 72.8460882, 19.0578065 ], [ 72.8459601, 19.0577995 ], [ 72.8459447, 19.0580525 ] ] ] } },
{ "type": "Feature", "properties": { "element": "way", "id": 314861575, "building:levels": null }, "geometry": { "type": "Polygon", "coordinates": [ [ [ 72.8469791, 19.058327 ], [ 72.8470886, 19.0583057 ], [ 72.8470915, 19.0583548 ], [ 72.8471143, 19.0583542 ], [ 72.8471152, 19.0583846 ], [ 72.8471465, 19.0583838 ], [ 72.8471448, 19.0583236 ], [ 72.8471242, 19.0583241 ], [ 72.84712, 19.0581787 ], [ 72.8471491, 19.058178 ], [ 72.8471476, 19.0581291 ], [ 72.8471116, 19.0581289 ], [ 72.8471115, 19.0579863 ], [ 72.8470552, 19.0579907 ], [ 72.8470291, 19.0580615 ], [ 72.8469714, 19.058063 ], [ 72.8469791, 19.058327 ] ] ] } },
{ "type": "Feature", "properties": { "element": "way", "id": 314861579, "building:levels": null }, "geometry": { "type": "Polygon", "coordinates": [ [ [ 72.8477843, 19.0591054 ], [ 72.848033, 19.0591031 ], [ 72.8480319, 19.0589958 ], [ 72.8477832, 19.0589982 ], [ 72.8477843, 19.0591054 ] ] ] } },
{ "type": "Feature", "properties": { "element": "way", "id": 314861581, "building:levels": null }, "geometry": { "type": "Polygon", "coordinates": [ [ [ 72.8499565, 19.0573708 ], [ 72.8502272, 19.0575877 ], [ 72.8502855, 19.0575226 ], [ 72.8502018, 19.0574555 ], [ 72.8502373, 19.057416 ], [ 72.8503205, 19.0574826 ], [ 72.8503787, 19.0574177 ], [ 72.8501191, 19.0572094 ], [ 72.8500665, 19.057268 ], [ 72.8501458, 19.0573316 ], [ 72.8501071, 19.0573748 ], [ 72.8500173, 19.0573029 ], [ 72.8499565, 19.0573708 ] ] ] } },
{ "type": "Feature", "properties": { "element": "way", "id": 314861584, "building:levels": null }, "geometry": { "type": "Polygon", "coordinates": [ [ [ 72.8511815, 19.0576886 ], [ 72.8512561, 19.0577484 ], [ 72.8511973, 19.0578139 ], [ 72.8511041, 19.0577391 ], [ 72.851039, 19.0578116 ], [ 72.851348, 19.0580594 ], [ 72.851424, 19.0579749 ], [ 72.8513584, 19.0579223 ], [ 72.8514109, 19.0578638 ], [ 72.851451, 19.057896 ], [ 72.8514911, 19.0578513 ], [ 72.8512263, 19.0576388 ], [ 72.8511815, 19.0576886 ] ] ] } },
{ "type": "Feature", "properties": { "element": "way", "id": 314861587, "building:levels": null }, "geometry": { "type": "Polygon", "coordinates": [ [ [ 72.8498942, 19.0593918 ], [ 72.8499918, 19.0594341 ], [ 72.8501521, 19.0591037 ], [ 72.8500545, 19.0590614 ], [ 72.8498942, 19.0593918 ] ] ] } },
{ "type": "Feature", "properties": { "element": "way", "id": 314861589, "building:levels": null }, "geometry": { "type": "Polygon", "coordinates": [ [ [ 72.8471932, 19.0583629 ], [ 72.8473066, 19.0583622 ], [ 72.8473041, 19.0579921 ], [ 72.8471908, 19.0579927 ], [ 72.8471932, 19.0583629 ] ] ] } },
{ "type": "Feature", "properties": { "element": "way", "id": 314861590, "building:levels": null }, "geometry": { "type": "Polygon", "coordinates": [ [ [ 72.845697, 19.0567592 ], [ 72.8456996, 19.0568291 ], [ 72.845783, 19.0568263 ], [ 72.8457845, 19.0568672 ], [ 72.8459376, 19.0568622 ], [ 72.8459359, 19.0568176 ], [ 72.8460434, 19.0568141 ], [ 72.846041, 19.0567481 ], [ 72.845697, 19.0567592 ] ] ] } },
{ "type": "Feature", "properties": { "element": "way", "id": 314861592, "building:levels": null }, "geometry": { "type": "Polygon", "coordinates": [ [ [ 72.8485468, 19.0595511 ], [ 72.8488867, 19.0595441 ], [ 72.8488842, 19.0594347 ], [ 72.8485443, 19.0594417 ], [ 72.8485468, 19.0595511 ] ] ] } },
{ "type": "Feature", "properties": { "element": "way", "id": 314861596, "building:levels": null }, "geometry": { "type": "Polygon", "coordinates": [ [ [ 72.8472994, 19.0579772 ], [ 72.8474334, 19.0579745 ], [ 72.8474249, 19.0575928 ], [ 72.847291, 19.0575955 ], [ 72.8472994, 19.0579772 ] ] ] } },
{ "type": "Feature", "properties": { "element": "way", "id": 314861600, "building:levels": null }, "geometry": { "type": "Polygon", "coordinates": [ [ [ 72.848927, 19.0592428 ], [ 72.8490626, 19.0592406 ], [ 72.8490552, 19.0588239 ], [ 72.8489197, 19.0588261 ], [ 72.848927, 19.0592428 ] ] ] } },
{ "type": "Feature", "properties": { "element": "way", "id": 314861602, "building:levels": null }, "geometry": { "type": "Polygon", "coordinates": [ [ [ 72.847772, 19.0595454 ], [ 72.8478852, 19.0595432 ], [ 72.8478778, 19.059201 ], [ 72.8477646, 19.0592032 ], [ 72.847772, 19.0595454 ] ] ] } },
{ "type": "Feature", "properties": { "element": "way", "id": 314861604, "building:levels": null }, "geometry": { "type": "Polygon", "coordinates": [ [ [ 72.8455511, 19.0544513 ], [ 72.8457785, 19.0543899 ], [ 72.8457148, 19.0541793 ], [ 72.8454875, 19.0542407 ], [ 72.8455511, 19.0544513 ] ] ] } },
{ "type": "Feature", "properties": { "element": "way", "id": 314861606, "building:levels": null }, "geometry": { "type": "Polygon", "coordinates": [ [ [ 72.8490305, 19.059436 ], [ 72.8492915, 19.059429 ], [ 72.8492888, 19.0593382 ], [ 72.8490278, 19.0593451 ], [ 72.8490305, 19.059436 ] ] ] } },
{ "type": "Feature", "properties": { "element": "way", "id": 314861607, "building:levels": null }, "geometry": { "type": "Polygon", "coordinates": [ [ [ 72.8481387, 19.0589551 ], [ 72.8484773, 19.0589508 ], [ 72.8484757, 19.0588412 ], [ 72.8481371, 19.0588456 ], [ 72.8481387, 19.0589551 ] ] ] } },
{ "type": "Feature", "properties": { "element": "way", "id": 314861609, "building:levels": null }, "geometry": { "type": "Polygon", "coordinates": [ [ [ 72.8477941, 19.0589634 ], [ 72.84807, 19.0589681 ], [ 72.8480723, 19.058845 ], [ 72.8477965, 19.0588403 ], [ 72.8477941, 19.0589634 ] ] ] } },
{ "type": "Feature", "properties": { "element": "way", "id": 314861611, "building:levels": null }, "geometry": { "type": "Polygon", "coordinates": [ [ [ 72.8481586, 19.0595617 ], [ 72.8484099, 19.0595617 ], [ 72.8484099, 19.0593964 ], [ 72.8481586, 19.0593964 ], [ 72.8481586, 19.0595617 ] ] ] } },
{ "type": "Feature", "properties": { "element": "way", "id": 314861615, "building:levels": null }, "geometry": { "type": "Polygon", "coordinates": [ [ [ 72.8489607, 19.0595802 ], [ 72.8492298, 19.0595666 ], [ 72.8492246, 19.0594736 ], [ 72.8489554, 19.0594873 ], [ 72.8489607, 19.0595802 ] ] ] } },
{ "type": "Feature", "properties": { "element": "way", "id": 353156969, "building:levels": null }, "geometry": { "type": "Polygon", "coordinates": [ [ [ 72.8527611, 19.0552244 ], [ 72.8528157, 19.055276 ], [ 72.8527652, 19.0553237 ], [ 72.8528572, 19.0554036 ], [ 72.8529144, 19.0553564 ], [ 72.8529374, 19.0553759 ], [ 72.8530219, 19.0552965 ], [ 72.8529568, 19.0552414 ], [ 72.8529137, 19.0552803 ], [ 72.8528675, 19.0552357 ], [ 72.8529057, 19.0551986 ], [ 72.852848, 19.0551479 ], [ 72.8527611, 19.0552244 ] ] ] } },
{ "type": "Feature", "properties": { "element": "way", "id": 353156970, "building:levels": null }, "geometry": { "type": "Polygon", "coordinates": [ [ [ 72.8523707, 19.0549085 ], [ 72.8524243, 19.0549591 ], [ 72.8523757, 19.055005 ], [ 72.8524857, 19.0551089 ], [ 72.8526281, 19.0549743 ], [ 72.8525648, 19.0549144 ], [ 72.8525286, 19.0549486 ], [ 72.8524906, 19.0549127 ], [ 72.8525268, 19.0548785 ], [ 72.8524646, 19.0548198 ], [ 72.8523707, 19.0549085 ] ] ] } },
{ "type": "Feature", "properties": { "element": "way", "id": 353156971, "building:levels": null }, "geometry": { "type": "Polygon", "coordinates": [ [ [ 72.8520779, 19.054719 ], [ 72.8521408, 19.0547785 ], [ 72.8521593, 19.054761 ], [ 72.8522035, 19.0548028 ], [ 72.852185, 19.0548203 ], [ 72.8522308, 19.0548636 ], [ 72.852347, 19.0547537 ], [ 72.8523003, 19.0547095 ], [ 72.8522732, 19.0547351 ], [ 72.8522199, 19.0546847 ], [ 72.8522469, 19.0546591 ], [ 72.8521941, 19.0546092 ], [ 72.8520779, 19.054719 ] ] ] } },
{ "type": "Feature", "properties": { "element": "way", "id": 353156972, "building:levels": "7" }, "geometry": { "type": "Polygon", "coordinates": [ [ [ 72.8571978, 19.0656489 ], [ 72.8572965, 19.0656437 ], [ 72.8573197, 19.0656581 ], [ 72.8573564, 19.0656731 ], [ 72.8574076, 19.0657295 ], [ 72.8574776, 19.0656787 ], [ 72.8574558, 19.0656449 ], [ 72.8574091, 19.0655635 ], [ 72.8574283, 19.0655315 ], [ 72.8574395, 19.0654972 ], [ 72.8574448, 19.0654747 ], [ 72.857366, 19.0654428 ], [ 72.8573064, 19.0655573 ], [ 72.8571913, 19.0655584 ], [ 72.8571978, 19.0656489 ] ] ] } },
{ "type": "Feature", "properties": { "element": "way", "id": 353156973, "building:levels": "7" }, "geometry": { "type": "Polygon", "coordinates": [ [ [ 72.8572429, 19.06602 ], [ 72.8573415, 19.0660148 ], [ 72.8573647, 19.0660292 ], [ 72.8574015, 19.0660442 ], [ 72.8574526, 19.0661006 ], [ 72.8575226, 19.0660498 ], [ 72.8575008, 19.066016 ], [ 72.8574542, 19.0659347 ], [ 72.8574733, 19.0659026 ], [ 72.8574845, 19.0658683 ], [ 72.8574898, 19.0658458 ], [ 72.8574111, 19.0658139 ], [ 72.8573514, 19.0659284 ], [ 72.8572363, 19.0659296 ], [ 72.8572429, 19.06602 ] ] ] } },
{ "type": "Feature", "properties": { "element": "way", "id": 353156975, "building:levels": null }, "geometry": { "type": "Polygon", "coordinates": [ [ [ 72.8530521, 19.0550294 ], [ 72.8531056, 19.05508 ], [ 72.8531318, 19.0550553 ], [ 72.8531803, 19.0551011 ], [ 72.8531542, 19.0551258 ], [ 72.8532085, 19.0551772 ], [ 72.8532731, 19.0551161 ], [ 72.8532471, 19.0550916 ], [ 72.853287, 19.0550539 ], [ 72.8533129, 19.0550784 ], [ 72.8533675, 19.0550268 ], [ 72.853313, 19.0549753 ], [ 72.8532897, 19.0549973 ], [ 72.8532346, 19.0549453 ], [ 72.8532579, 19.0549233 ], [ 72.8532112, 19.0548791 ], [ 72.8531489, 19.0549379 ], [ 72.8531616, 19.0549499 ], [ 72.853125, 19.0549844 ], [ 72.8531124, 19.0549724 ], [ 72.8530521, 19.0550294 ] ] ] } },
{ "type": "Feature", "properties": { "element": "way", "id": 353156977, "building:levels": null }, "geometry": { "type": "Polygon", "coordinates": [ [ [ 72.847518, 19.059715 ], [ 72.8476456, 19.0597124 ], [ 72.847636, 19.0592978 ], [ 72.8475083, 19.0593004 ], [ 72.847518, 19.059715 ] ] ] } },
{ "type": "Feature", "properties": { "element": "way", "id": 353156979, "building:levels": null }, "geometry": { "type": "Polygon", "coordinates": [ [ [ 72.8545764, 19.0575729 ], [ 72.8547408, 19.0577283 ], [ 72.8549206, 19.0575584 ], [ 72.8547562, 19.057403 ], [ 72.8545764, 19.0575729 ] ] ] } },
{ "type": "Feature", "properties": { "element": "way", "id": 353156980, "building:levels": null }, "geometry": { "type": "Polygon", "coordinates": [ [ [ 72.8472258, 19.0598588 ], [ 72.8473338, 19.0598562 ], [ 72.8473258, 19.0595535 ], [ 72.8472178, 19.0595561 ], [ 72.8472258, 19.0598588 ] ] ] } },
{ "type": "Feature", "properties": { "element": "way", "id": 353156981, "building:levels": null }, "geometry": { "type": "Polygon", "coordinates": [ [ [ 72.8472532, 19.058932 ], [ 72.8475948, 19.058924 ], [ 72.8475917, 19.0588061 ], [ 72.8472501, 19.0588142 ], [ 72.8472532, 19.058932 ] ] ] } },
{ "type": "Feature", "properties": { "element": "way", "id": 353156982, "building:levels": null }, "geometry": { "type": "Polygon", "coordinates": [ [ [ 72.853454, 19.0573752 ], [ 72.8535919, 19.0575057 ], [ 72.8537544, 19.0573521 ], [ 72.8536164, 19.0572217 ], [ 72.853454, 19.0573752 ] ] ] } },
{ "type": "Feature", "properties": { "element": "way", "id": 353156983, "building:levels": null }, "geometry": { "type": "Polygon", "coordinates": [ [ [ 72.8473044, 19.0570985 ], [ 72.8473968, 19.0570963 ], [ 72.8473871, 19.0567278 ], [ 72.8472947, 19.05673 ], [ 72.8473044, 19.0570985 ] ] ] } },
{ "type": "Feature", "properties": { "element": "way", "id": 353156984, "building:levels": null }, "geometry": { "type": "Polygon", "coordinates": [ [ [ 72.8507941, 19.0584941 ], [ 72.8509335, 19.0585931 ], [ 72.8509851, 19.0585282 ], [ 72.8508458, 19.0584291 ], [ 72.8507941, 19.0584941 ] ] ] } },
{ "type": "Feature", "properties": { "element": "way", "id": 353156985, "building:levels": null }, "geometry": { "type": "Polygon", "coordinates": [ [ [ 72.8506259, 19.0585131 ], [ 72.8506914, 19.0585087 ], [ 72.850677, 19.0583179 ], [ 72.8506115, 19.0583223 ], [ 72.8506259, 19.0585131 ] ] ] } },
{ "type": "Feature", "properties": { "element": "way", "id": 353156986, "building:levels": null }, "geometry": { "type": "Polygon", "coordinates": [ [ [ 72.8527947, 19.0547398 ], [ 72.8529429, 19.0548798 ], [ 72.8530816, 19.0547488 ], [ 72.8529334, 19.0546087 ], [ 72.8527947, 19.0547398 ] ] ] } },
{ "type": "Feature", "properties": { "element": "way", "id": 353156987, "building:levels": null }, "geometry": { "type": "Polygon", "coordinates": [ [ [ 72.8512024, 19.059131 ], [ 72.8512498, 19.0591884 ], [ 72.8514949, 19.0590075 ], [ 72.8514476, 19.0589502 ], [ 72.8512024, 19.059131 ] ] ] } },
{ "type": "Feature", "properties": { "element": "way", "id": 353156988, "building:levels": null }, "geometry": { "type": "Polygon", "coordinates": [ [ [ 72.8528952, 19.0544046 ], [ 72.8530663, 19.0545664 ], [ 72.8531894, 19.0544501 ], [ 72.8530183, 19.0542883 ], [ 72.8528952, 19.0544046 ] ] ] } },
{ "type": "Feature", "properties": { "element": "way", "id": 353156989, "building:levels": null }, "geometry": { "type": "Polygon", "coordinates": [ [ [ 72.8508811, 19.0590951 ], [ 72.8509314, 19.0591335 ], [ 72.8510449, 19.0590009 ], [ 72.8509946, 19.0589624 ], [ 72.8508811, 19.0590951 ] ] ] } },
{ "type": "Feature", "properties": { "element": "way", "id": 353156990, "building:levels": null }, "geometry": { "type": "Polygon", "coordinates": [ [ [ 72.8531855, 19.0546791 ], [ 72.8535691, 19.0550416 ], [ 72.8536892, 19.054928 ], [ 72.8533057, 19.0545655 ], [ 72.8531855, 19.0546791 ] ] ] } },
{ "type": "Feature", "properties": { "element": "way", "id": 353156991, "building:levels": null }, "geometry": { "type": "Polygon", "coordinates": [ [ [ 72.8499561, 19.0586034 ], [ 72.8500495, 19.0586014 ], [ 72.8500467, 19.0584842 ], [ 72.8499532, 19.0584862 ], [ 72.8499561, 19.0586034 ] ] ] } },
{ "type": "Feature", "properties": { "element": "way", "id": 353156992, "building:levels": null }, "geometry": { "type": "Polygon", "coordinates": [ [ [ 72.8496078, 19.0551876 ], [ 72.8497837, 19.0553321 ], [ 72.8498818, 19.0552255 ], [ 72.8497059, 19.055081 ], [ 72.8496078, 19.0551876 ] ] ] } },
{ "type": "Feature", "properties": { "element": "way", "id": 353156999, "building:levels": null }, "geometry": { "type": "Polygon", "coordinates": [ [ [ 72.8470228, 19.0586999 ], [ 72.8471255, 19.0586975 ], [ 72.8471196, 19.0584728 ], [ 72.8470168, 19.0584752 ], [ 72.8470228, 19.0586999 ] ] ] } },
{ "type": "Feature", "properties": { "element": "way", "id": 353157000, "building:levels": null }, "geometry": { "type": "Polygon", "coordinates": [ [ [ 72.847168, 19.0575208 ], [ 72.8473008, 19.0575177 ], [ 72.8472912, 19.0571542 ], [ 72.8471584, 19.0571574 ], [ 72.847168, 19.0575208 ] ] ] } },
{ "type": "Feature", "properties": { "element": "way", "id": 353157001, "building:levels": null }, "geometry": { "type": "Polygon", "coordinates": [ [ [ 72.8502137, 19.0589096 ], [ 72.8502896, 19.0589084 ], [ 72.8502838, 19.058585 ], [ 72.850208, 19.0585862 ], [ 72.8502137, 19.0589096 ] ] ] } },
{ "type": "Feature", "properties": { "element": "way", "id": 353157002, "building:levels": null }, "geometry": { "type": "Polygon", "coordinates": [ [ [ 72.8523594, 19.0555961 ], [ 72.8525178, 19.0557458 ], [ 72.8526952, 19.0555781 ], [ 72.8525369, 19.0554284 ], [ 72.8523594, 19.0555961 ] ] ] } },
{ "type": "Feature", "properties": { "element": "way", "id": 353157004, "building:levels": null }, "geometry": { "type": "Polygon", "coordinates": [ [ [ 72.8532477, 19.0559635 ], [ 72.8534156, 19.0561222 ], [ 72.8535958, 19.055952 ], [ 72.8534279, 19.0557933 ], [ 72.8532477, 19.0559635 ] ] ] } },
{ "type": "Feature", "properties": { "element": "way", "id": 353157005, "building:levels": null }, "geometry": { "type": "Polygon", "coordinates": [ [ [ 72.847167, 19.0567387 ], [ 72.8472544, 19.0567366 ], [ 72.8472449, 19.0563771 ], [ 72.8471575, 19.0563791 ], [ 72.847167, 19.0567387 ] ] ] } },
{ "type": "Feature", "properties": { "element": "way", "id": 353157006, "building:levels": null }, "geometry": { "type": "Polygon", "coordinates": [ [ [ 72.8524031, 19.0565329 ], [ 72.8525438, 19.0566547 ], [ 72.8527182, 19.0564746 ], [ 72.8525775, 19.0563528 ], [ 72.8524031, 19.0565329 ] ] ] } },
{ "type": "Feature", "properties": { "element": "way", "id": 353157007, "building:levels": null }, "geometry": { "type": "Polygon", "coordinates": [ [ [ 72.8521295, 19.0562781 ], [ 72.8522986, 19.0564244 ], [ 72.8524659, 19.0562517 ], [ 72.8522967, 19.0561054 ], [ 72.8521295, 19.0562781 ] ] ] } },
{ "type": "Feature", "properties": { "element": "way", "id": 353157009, "building:levels": null }, "geometry": { "type": "Polygon", "coordinates": [ [ [ 72.8506096, 19.0587666 ], [ 72.850673, 19.0587669 ], [ 72.8506739, 19.0585925 ], [ 72.8506105, 19.0585922 ], [ 72.8506096, 19.0587666 ] ] ] } },
{ "type": "Feature", "properties": { "element": "way", "id": 353157016, "building:levels": null }, "geometry": { "type": "Polygon", "coordinates": [ [ [ 72.8470384, 19.0600414 ], [ 72.8471525, 19.0600387 ], [ 72.8471441, 19.0597216 ], [ 72.84703, 19.0597243 ], [ 72.8470384, 19.0600414 ] ] ] } },
{ "type": "Feature", "properties": { "element": "way", "id": 353157018, "building:levels": null }, "geometry": { "type": "Polygon", "coordinates": [ [ [ 72.8548518, 19.0578208 ], [ 72.8549864, 19.057948 ], [ 72.8551594, 19.0577844 ], [ 72.8550248, 19.0576572 ], [ 72.8548518, 19.0578208 ] ] ] } },
{ "type": "Feature", "properties": { "element": "way", "id": 353157020, "building:levels": null }, "geometry": { "type": "Polygon", "coordinates": [ [ [ 72.8456041, 19.0590636 ], [ 72.8457577, 19.0590629 ], [ 72.8457566, 19.0588703 ], [ 72.8456027, 19.0588721 ], [ 72.8456041, 19.0590636 ] ] ] } },
{ "type": "Feature", "properties": { "element": "way", "id": 353157022, "building:levels": null }, "geometry": { "type": "Polygon", "coordinates": [ [ [ 72.8536823, 19.0576596 ], [ 72.8538332, 19.0578022 ], [ 72.8539114, 19.0577283 ], [ 72.8539895, 19.0576544 ], [ 72.8538386, 19.0575118 ], [ 72.8536823, 19.0576596 ] ] ] } },
{ "type": "Feature", "properties": { "element": "way", "id": 353157023, "building:levels": null }, "geometry": { "type": "Polygon", "coordinates": [ [ [ 72.8474568, 19.0571082 ], [ 72.8475784, 19.0571053 ], [ 72.8475683, 19.0567227 ], [ 72.8474467, 19.0567256 ], [ 72.8474568, 19.0571082 ] ] ] } },
{ "type": "Feature", "properties": { "element": "way", "id": 353157025, "building:levels": null }, "geometry": { "type": "Polygon", "coordinates": [ [ [ 72.853947, 19.0579126 ], [ 72.8540924, 19.0580501 ], [ 72.8542515, 19.0578997 ], [ 72.854106, 19.0577622 ], [ 72.853947, 19.0579126 ] ] ] } },
{ "type": "Feature", "properties": { "element": "way", "id": 353157026, "building:levels": null }, "geometry": { "type": "Polygon", "coordinates": [ [ [ 72.8474254, 19.0591036 ], [ 72.8476877, 19.0590998 ], [ 72.847686, 19.0589951 ], [ 72.8475858, 19.0589966 ], [ 72.8475851, 19.0589543 ], [ 72.8475423, 19.058955 ], [ 72.847543, 19.0589977 ], [ 72.8474237, 19.0589994 ], [ 72.8474254, 19.0591036 ] ] ] } },
{ "type": "Feature", "properties": { "element": "way", "id": 353157027, "building:levels": null }, "geometry": { "type": "Polygon", "coordinates": [ [ [ 72.8510691, 19.058877 ], [ 72.851115, 19.0589159 ], [ 72.8512285, 19.0587959 ], [ 72.8511825, 19.0587571 ], [ 72.8510691, 19.058877 ] ] ] } },
{ "type": "Feature", "properties": { "element": "way", "id": 353157028, "building:levels": null }, "geometry": { "type": "Polygon", "coordinates": [ [ [ 72.8528796, 19.055619 ], [ 72.8528516, 19.0556641 ], [ 72.8528537, 19.055734 ], [ 72.8529795, 19.055833 ], [ 72.8531841, 19.0556087 ], [ 72.8530373, 19.0554699 ], [ 72.8528796, 19.055619 ] ] ] } },
{ "type": "Feature", "properties": { "element": "way", "id": 353157030, "building:levels": null }, "geometry": { "type": "Polygon", "coordinates": [ [ [ 72.8471493, 19.0594717 ], [ 72.8472555, 19.0594692 ], [ 72.8472473, 19.0591628 ], [ 72.8471412, 19.0591653 ], [ 72.8471493, 19.0594717 ] ] ] } },
{ "type": "Feature", "properties": { "element": "way", "id": 353157031, "building:levels": null }, "geometry": { "type": "Polygon", "coordinates": [ [ [ 72.8470312, 19.0591578 ], [ 72.8471243, 19.0591557 ], [ 72.8471156, 19.0588281 ], [ 72.8470226, 19.0588303 ], [ 72.8470312, 19.0591578 ] ] ] } },
{ "type": "Feature", "properties": { "element": "way", "id": 353157032, "building:levels": null }, "geometry": { "type": "Polygon", "coordinates": [ [ [ 72.8507629, 19.0588371 ], [ 72.8508185, 19.0588803 ], [ 72.8509348, 19.0587467 ], [ 72.8508792, 19.0587035 ], [ 72.8507629, 19.0588371 ] ] ] } },
{ "type": "Feature", "properties": { "element": "way", "id": 353157033, "building:levels": null }, "geometry": { "type": "Polygon", "coordinates": [ [ [ 72.8542404, 19.056859 ], [ 72.8543822, 19.056993 ], [ 72.8545413, 19.0568427 ], [ 72.8543995, 19.0567086 ], [ 72.8542404, 19.056859 ] ] ] } },
{ "type": "Feature", "properties": { "element": "way", "id": 353157035, "building:levels": null }, "geometry": { "type": "Polygon", "coordinates": [ [ [ 72.8469858, 19.0575091 ], [ 72.8470972, 19.0575061 ], [ 72.8470873, 19.0571818 ], [ 72.8469759, 19.0571848 ], [ 72.8469858, 19.0575091 ] ] ] } },
{ "type": "Feature", "properties": { "element": "way", "id": 353157037, "building:levels": null }, "geometry": { "type": "Polygon", "coordinates": [ [ [ 72.8503877, 19.0585516 ], [ 72.8504548, 19.0585499 ], [ 72.8504461, 19.0582573 ], [ 72.8503791, 19.0582591 ], [ 72.8503877, 19.0585516 ] ] ] } },
{ "type": "Feature", "properties": { "element": "way", "id": 353157038, "building:levels": null }, "geometry": { "type": "Polygon", "coordinates": [ [ [ 72.8503791, 19.0589178 ], [ 72.8504491, 19.058917 ], [ 72.8504453, 19.0586135 ], [ 72.8503752, 19.0586143 ], [ 72.8503791, 19.0589178 ] ] ] } },
{ "type": "Feature", "properties": { "element": "way", "id": 353157044, "building:levels": null }, "geometry": { "type": "Polygon", "coordinates": [ [ [ 72.8550764, 19.058119 ], [ 72.8552139, 19.0582489 ], [ 72.8553859, 19.0580863 ], [ 72.8552485, 19.0579564 ], [ 72.8550764, 19.058119 ] ] ] } },
{ "type": "Feature", "properties": { "element": "way", "id": 353157045, "building:levels": null }, "geometry": { "type": "Polygon", "coordinates": [ [ [ 72.8472678, 19.0587091 ], [ 72.8475886, 19.0587015 ], [ 72.8475859, 19.0586024 ], [ 72.8472652, 19.05861 ], [ 72.8472678, 19.0587091 ] ] ] } },
{ "type": "Feature", "properties": { "element": "way", "id": 353157046, "building:levels": null }, "geometry": { "type": "Polygon", "coordinates": [ [ [ 72.8519686, 19.0562173 ], [ 72.8521373, 19.056043 ], [ 72.8519753, 19.0559029 ], [ 72.8518066, 19.0560771 ], [ 72.8519686, 19.0562173 ] ] ] } },
{ "type": "Feature", "properties": { "element": "way", "id": 353157047, "building:levels": null }, "geometry": { "type": "Polygon", "coordinates": [ [ [ 72.85385, 19.0590132 ], [ 72.8540662, 19.0592033 ], [ 72.8542197, 19.0590474 ], [ 72.8540036, 19.0588573 ], [ 72.85385, 19.0590132 ] ] ] } },
{ "type": "Feature", "properties": { "element": "way", "id": 353157049, "building:levels": null }, "geometry": { "type": "Polygon", "coordinates": [ [ [ 72.8473274, 19.0585304 ], [ 72.8475995, 19.058524 ], [ 72.8475966, 19.0584148 ], [ 72.8473245, 19.0584212 ], [ 72.8473274, 19.0585304 ] ] ] } },
{ "type": "Feature", "properties": { "element": "way", "id": 353157050, "building:levels": null }, "geometry": { "type": "Polygon", "coordinates": [ [ [ 72.8506077, 19.0591128 ], [ 72.8506925, 19.0591099 ], [ 72.8506848, 19.0589136 ], [ 72.8506, 19.0589166 ], [ 72.8506077, 19.0591128 ] ] ] } },
{ "type": "Feature", "properties": { "element": "way", "id": 353157051, "building:levels": null }, "geometry": { "type": "Polygon", "coordinates": [ [ [ 72.8533368, 19.0552108 ], [ 72.8535135, 19.0553779 ], [ 72.8536372, 19.0552609 ], [ 72.8534605, 19.0550939 ], [ 72.8533368, 19.0552108 ] ] ] } },
{ "type": "Feature", "properties": { "element": "way", "id": 353157052, "building:levels": null }, "geometry": { "type": "Polygon", "coordinates": [ [ [ 72.850183, 19.0584781 ], [ 72.8502679, 19.0584769 ], [ 72.850264, 19.0582144 ], [ 72.8501791, 19.0582155 ], [ 72.850183, 19.0584781 ] ] ] } },
{ "type": "Feature", "properties": { "element": "way", "id": 353157053, "building:levels": null }, "geometry": { "type": "Polygon", "coordinates": [ [ [ 72.8521596, 19.0553524 ], [ 72.8523255, 19.0555092 ], [ 72.8525008, 19.0553434 ], [ 72.852335, 19.0551866 ], [ 72.8521596, 19.0553524 ] ] ] } },
{ "type": "Feature", "properties": { "element": "way", "id": 353157054, "building:levels": null }, "geometry": { "type": "Polygon", "coordinates": [ [ [ 72.8469718, 19.0567614 ], [ 72.8470848, 19.0567587 ], [ 72.8470766, 19.0564497 ], [ 72.8469637, 19.0564524 ], [ 72.8469718, 19.0567614 ] ] ] } },
{ "type": "Feature", "properties": { "element": "way", "id": 353157055, "building:levels": null }, "geometry": { "type": "Polygon", "coordinates": [ [ [ 72.8509633, 19.058673 ], [ 72.8510273, 19.0587166 ], [ 72.8511167, 19.0585994 ], [ 72.8510527, 19.0585558 ], [ 72.8509633, 19.058673 ] ] ] } },
{ "type": "Feature", "properties": { "element": "way", "id": 353157056, "building:levels": null }, "geometry": { "type": "Polygon", "coordinates": [ [ [ 72.8539496, 19.0566247 ], [ 72.854113, 19.0567792 ], [ 72.8542813, 19.0566201 ], [ 72.8541179, 19.0564657 ], [ 72.8539496, 19.0566247 ] ] ] } },
{ "type": "Feature", "properties": { "element": "way", "id": 353157059, "building:levels": null }, "geometry": { "type": "Polygon", "coordinates": [ [ [ 72.8470563, 19.0596398 ], [ 72.8471418, 19.0596378 ], [ 72.8471324, 19.0592839 ], [ 72.8470469, 19.0592859 ], [ 72.8470563, 19.0596398 ] ] ] } },
{ "type": "Feature", "properties": { "element": "way", "id": 353157062, "building:levels": null }, "geometry": { "type": "Polygon", "coordinates": [ [ [ 72.8472842, 19.0563203 ], [ 72.8475421, 19.0563142 ], [ 72.8475399, 19.0562312 ], [ 72.847282, 19.0562373 ], [ 72.8472842, 19.0563203 ] ] ] } },
{ "type": "Feature", "properties": { "element": "way", "id": 353157063, "building:levels": null }, "geometry": { "type": "Polygon", "coordinates": [ [ [ 72.8472007, 19.0560991 ], [ 72.847542, 19.056091 ], [ 72.8475391, 19.0559828 ], [ 72.8471979, 19.0559909 ], [ 72.8472007, 19.0560991 ] ] ] } },
{ "type": "Feature", "properties": { "element": "way", "id": 353157066, "building:levels": null }, "geometry": { "type": "Polygon", "coordinates": [ [ [ 72.8545051, 19.0571265 ], [ 72.8546647, 19.0572773 ], [ 72.8548301, 19.057121 ], [ 72.8546705, 19.0569702 ], [ 72.8545051, 19.0571265 ] ] ] } },
{ "type": "Feature", "properties": { "element": "way", "id": 353157067, "building:levels": null }, "geometry": { "type": "Polygon", "coordinates": [ [ [ 72.8516923, 19.0559587 ], [ 72.851857, 19.0557886 ], [ 72.851699, 19.0556519 ], [ 72.8515343, 19.055822 ], [ 72.8516923, 19.0559587 ] ] ] } },
{ "type": "Feature", "properties": { "element": "way", "id": 353157068, "building:levels": null }, "geometry": { "type": "Polygon", "coordinates": [ [ [ 72.852733, 19.0567306 ], [ 72.8528912, 19.0568675 ], [ 72.8530582, 19.0566952 ], [ 72.8528999, 19.0565583 ], [ 72.852733, 19.0567306 ] ] ] } },
{ "type": "Feature", "properties": { "element": "way", "id": 353157069, "building:levels": null }, "geometry": { "type": "Polygon", "coordinates": [ [ [ 72.8523805, 19.0598138 ], [ 72.852617, 19.0598429 ], [ 72.852623, 19.0597992 ], [ 72.8526634, 19.0595055 ], [ 72.8526743, 19.0594264 ], [ 72.8525135, 19.0594066 ], [ 72.8524645, 19.0597624 ], [ 72.8523889, 19.0597531 ], [ 72.8523805, 19.0598138 ] ] ] } },
{ "type": "Feature", "properties": { "element": "way", "id": 353157070, "building:levels": null }, "geometry": { "type": "Polygon", "coordinates": [ [ [ 72.8469513, 19.0561997 ], [ 72.8470719, 19.0561968 ], [ 72.847069, 19.0560887 ], [ 72.8471212, 19.0560875 ], [ 72.8471185, 19.0559861 ], [ 72.8469457, 19.0559902 ], [ 72.8469513, 19.0561997 ] ] ] } },
{ "type": "Feature", "properties": { "element": "way", "id": 353157071, "building:levels": null }, "geometry": { "type": "Polygon", "coordinates": [ [ [ 72.8576447, 19.0660338 ], [ 72.8579043, 19.0659975 ], [ 72.8578899, 19.0659057 ], [ 72.8578102, 19.0659168 ], [ 72.8577944, 19.0658163 ], [ 72.8577016, 19.0658292 ], [ 72.857717, 19.0659275 ], [ 72.85763, 19.0659397 ], [ 72.8576447, 19.0660338 ] ] ] } },
{ "type": "Feature", "properties": { "element": "way", "id": 353157072, "building:levels": "9" }, "geometry": { "type": "Polygon", "coordinates": [ [ [ 72.8550028, 19.0571796 ], [ 72.8551537, 19.0573069 ], [ 72.855063, 19.0574033 ], [ 72.855229, 19.0575578 ], [ 72.855418, 19.0573763 ], [ 72.8552741, 19.0572403 ], [ 72.8553551, 19.057152 ], [ 72.8551896, 19.056991 ], [ 72.8550549, 19.0571253 ], [ 72.8550028, 19.0571796 ] ] ] } },
{ "type": "Feature", "properties": { "element": "way", "id": 353157073, "building:levels": null }, "geometry": { "type": "Polygon", "coordinates": [ [ [ 72.8580028, 19.0660018 ], [ 72.858263, 19.0659719 ], [ 72.8582486, 19.0658801 ], [ 72.8581689, 19.0658913 ], [ 72.8581531, 19.0657907 ], [ 72.8580603, 19.0658037 ], [ 72.8580757, 19.0659019 ], [ 72.8579887, 19.0659141 ], [ 72.8580028, 19.0660018 ] ] ] } },
{ "type": "Feature", "properties": { "element": "way", "id": 353159496, "building:levels": "15" }, "geometry": { "type": "Polygon", "coordinates": [ [ [ 72.862665, 19.0609786 ], [ 72.8627895, 19.0610293 ], [ 72.8629902, 19.0610214 ], [ 72.8630769, 19.0609911 ], [ 72.86315, 19.0609521 ], [ 72.8632144, 19.0608994 ], [ 72.863224, 19.0608467 ], [ 72.8630798, 19.0608394 ], [ 72.8630332, 19.0608034 ], [ 72.8626958, 19.0607696 ], [ 72.862665, 19.0609786 ] ] ] } },
{ "type": "Feature", "properties": { "element": "way", "id": 353159549, "building:levels": null }, "geometry": { "type": "Polygon", "coordinates": [ [ [ 72.8626867, 19.0604886 ], [ 72.8632077, 19.0605086 ], [ 72.8632153, 19.0603321 ], [ 72.8626942, 19.0603121 ], [ 72.8626867, 19.0604886 ] ] ] } },
{ "type": "Feature", "properties": { "element": "way", "id": 353159564, "building:levels": null }, "geometry": { "type": "Polygon", "coordinates": [ [ [ 72.8627448, 19.0599158 ], [ 72.8627288, 19.0601053 ], [ 72.8628157, 19.0601119 ], [ 72.8628045, 19.0602437 ], [ 72.8630898, 19.0602653 ], [ 72.863101, 19.0601335 ], [ 72.8632325, 19.0601434 ], [ 72.8632486, 19.059954 ], [ 72.8627448, 19.0599158 ] ] ] } },
{ "type": "Feature", "properties": { "element": "way", "id": 353159567, "building:levels": null }, "geometry": { "type": "Polygon", "coordinates": [ [ [ 72.8636043, 19.0608412 ], [ 72.8638409, 19.0607675 ], [ 72.8639817, 19.0607144 ], [ 72.8640619, 19.0606695 ], [ 72.8641529, 19.0606283 ], [ 72.8641337, 19.0604684 ], [ 72.8639814, 19.0604779 ], [ 72.8636103, 19.0606288 ], [ 72.8636043, 19.0608412 ] ] ] } },
{ "type": "Feature", "properties": { "element": "way", "id": 353169950, "building:levels": null }, "geometry": { "type": "Polygon", "coordinates": [ [ [ 72.8472262, 19.0641883 ], [ 72.847292, 19.0641792 ], [ 72.8472865, 19.0641434 ], [ 72.8474716, 19.0641179 ], [ 72.8474771, 19.0641537 ], [ 72.8475425, 19.0641446 ], [ 72.8475039, 19.0638946 ], [ 72.8474253, 19.0639054 ], [ 72.8474303, 19.0639378 ], [ 72.847257, 19.0639617 ], [ 72.847252, 19.0639293 ], [ 72.8471876, 19.0639382 ], [ 72.8472262, 19.0641883 ] ] ] } },
{ "type": "Feature", "properties": { "element": "way", "id": 353169951, "building:levels": null }, "geometry": { "type": "Polygon", "coordinates": [ [ [ 72.8472372, 19.0652249 ], [ 72.847315, 19.0652304 ], [ 72.8473172, 19.0652026 ], [ 72.8474942, 19.065215 ], [ 72.847492, 19.0652429 ], [ 72.8475662, 19.0652481 ], [ 72.8475861, 19.0649946 ], [ 72.8475107, 19.0649893 ], [ 72.8475072, 19.0650336 ], [ 72.8473327, 19.0650213 ], [ 72.8473362, 19.064977 ], [ 72.8472571, 19.0649715 ], [ 72.8472372, 19.0652249 ] ] ] } },
{ "type": "Feature", "properties": { "element": "way", "id": 353169953, "building:levels": null }, "geometry": { "type": "Polygon", "coordinates": [ [ [ 72.847174, 19.0655256 ], [ 72.8472462, 19.0655385 ], [ 72.8472533, 19.0655034 ], [ 72.8474367, 19.0655362 ], [ 72.8474296, 19.0655713 ], [ 72.8474901, 19.0655821 ], [ 72.8475371, 19.0653475 ], [ 72.8474701, 19.0653356 ], [ 72.8474621, 19.0653753 ], [ 72.8472824, 19.0653431 ], [ 72.8472904, 19.0653034 ], [ 72.847221, 19.065291 ], [ 72.847174, 19.0655256 ] ] ] } },
{ "type": "Feature", "properties": { "element": "way", "id": 353169954, "building:levels": null }, "geometry": { "type": "Polygon", "coordinates": [ [ [ 72.8472405, 19.0648807 ], [ 72.8473125, 19.0648811 ], [ 72.8473128, 19.0648482 ], [ 72.8474945, 19.0648492 ], [ 72.8474943, 19.0648822 ], [ 72.8475529, 19.0648825 ], [ 72.8475544, 19.0646436 ], [ 72.8474876, 19.0646433 ], [ 72.8474873, 19.0646769 ], [ 72.8473104, 19.0646759 ], [ 72.8473107, 19.0646422 ], [ 72.847242, 19.0646418 ], [ 72.8472405, 19.0648807 ] ] ] } },
{ "type": "Feature", "properties": { "element": "way", "id": 353169956, "building:levels": null }, "geometry": { "type": "Polygon", "coordinates": [ [ [ 72.8471611, 19.0638376 ], [ 72.8472273, 19.0638248 ], [ 72.8472201, 19.0637914 ], [ 72.8474019, 19.0637563 ], [ 72.8474076, 19.0637829 ], [ 72.8474723, 19.0637704 ], [ 72.8474238, 19.0635461 ], [ 72.8473572, 19.063559 ], [ 72.8473623, 19.0635827 ], [ 72.8471855, 19.0636169 ], [ 72.8471803, 19.0635931 ], [ 72.8471111, 19.0636065 ], [ 72.8471611, 19.0638376 ] ] ] } },
{ "type": "Feature", "properties": { "element": "way", "id": 353169957, "building:levels": null }, "geometry": { "type": "Polygon", "coordinates": [ [ [ 72.8472535, 19.0644799 ], [ 72.8473267, 19.0644741 ], [ 72.8473238, 19.0644413 ], [ 72.8474984, 19.0644275 ], [ 72.8475013, 19.0644602 ], [ 72.8475746, 19.0644544 ], [ 72.8475528, 19.0642085 ], [ 72.8474835, 19.064214 ], [ 72.8474866, 19.0642486 ], [ 72.8473247, 19.0642614 ], [ 72.8473216, 19.0642268 ], [ 72.8472317, 19.0642339 ], [ 72.8472535, 19.0644799 ] ] ] } },
{ "type": "Feature", "properties": { "element": "way", "id": 353169962, "building:levels": null }, "geometry": { "type": "Polygon", "coordinates": [ [ [ 72.8590782, 19.0690609 ], [ 72.8592813, 19.0690702 ], [ 72.8592995, 19.0687132 ], [ 72.8590964, 19.0687039 ], [ 72.8590782, 19.0690609 ] ] ] } },
{ "type": "Feature", "properties": { "element": "way", "id": 353169977, "building:levels": null }, "geometry": { "type": "Polygon", "coordinates": [ [ [ 72.8600714, 19.0687737 ], [ 72.8604367, 19.0684776 ], [ 72.8600857, 19.0680909 ], [ 72.8599633, 19.0681901 ], [ 72.8602009, 19.0684519 ], [ 72.859958, 19.0686488 ], [ 72.8600714, 19.0687737 ] ] ] } },
{ "type": "Feature", "properties": { "element": "way", "id": 353172634, "building:levels": null }, "geometry": { "type": "Polygon", "coordinates": [ [ [ 72.8583845, 19.0666717 ], [ 72.8584023, 19.0666899 ], [ 72.858387, 19.0667033 ], [ 72.8584527, 19.0667703 ], [ 72.8585378, 19.0666958 ], [ 72.8585525, 19.0667109 ], [ 72.8586598, 19.066617 ], [ 72.858747, 19.066706 ], [ 72.8587752, 19.0666812 ], [ 72.8588437, 19.066751 ], [ 72.8589497, 19.0666582 ], [ 72.8588481, 19.0665545 ], [ 72.8588038, 19.0665933 ], [ 72.8586516, 19.0664379 ], [ 72.8583845, 19.0666717 ] ] ] } },
{ "type": "Feature", "properties": { "element": "way", "id": 353172637, "building:levels": null }, "geometry": { "type": "Polygon", "coordinates": [ [ [ 72.8609284, 19.063941 ], [ 72.8609821, 19.0639599 ], [ 72.8611676, 19.0640965 ], [ 72.8613849, 19.0641889 ], [ 72.8614643, 19.0643454 ], [ 72.8615441, 19.0643317 ], [ 72.8615383, 19.064302 ], [ 72.8617326, 19.0642685 ], [ 72.8618014, 19.0641462 ], [ 72.8617731, 19.063916 ], [ 72.8612138, 19.0634822 ], [ 72.8609461, 19.0635409 ], [ 72.8608769, 19.0635981 ], [ 72.8608527, 19.0636853 ], [ 72.8609284, 19.063941 ] ] ] } },
{ "type": "Feature", "properties": { "element": "way", "id": 353172638, "building:levels": null }, "geometry": { "type": "Polygon", "coordinates": [ [ [ 72.8596872, 19.066555 ], [ 72.8599058, 19.0664869 ], [ 72.8599285, 19.0665519 ], [ 72.8599513, 19.0665448 ], [ 72.8599596, 19.0665688 ], [ 72.8598975, 19.0665882 ], [ 72.8599226, 19.0666604 ], [ 72.8600534, 19.0666196 ], [ 72.8600126, 19.0665027 ], [ 72.8600749, 19.066402 ], [ 72.8600438, 19.0663867 ], [ 72.8600062, 19.0663706 ], [ 72.8599796, 19.0662943 ], [ 72.8598945, 19.0663223 ], [ 72.8598586, 19.0663948 ], [ 72.8598648, 19.0664176 ], [ 72.8597974, 19.0664386 ], [ 72.859778, 19.0663827 ], [ 72.8596419, 19.0664251 ], [ 72.8596872, 19.066555 ] ] ] } },
{ "type": "Feature", "properties": { "element": "way", "id": 353172639, "building:levels": null }, "geometry": { "type": "Polygon", "coordinates": [ [ [ 72.8603449, 19.06182 ], [ 72.860317, 19.0617426 ], [ 72.8603557, 19.0617185 ], [ 72.8602429, 19.0614667 ], [ 72.8601464, 19.0614294 ], [ 72.8597766, 19.0615887 ], [ 72.8597137, 19.0617466 ], [ 72.8597967, 19.0619136 ], [ 72.8599438, 19.0618689 ], [ 72.8598986, 19.0617639 ], [ 72.8599217, 19.0617075 ], [ 72.8599813, 19.0616894 ], [ 72.8600236, 19.0617552 ], [ 72.8600848, 19.0617347 ], [ 72.8601256, 19.0617404 ], [ 72.8601645, 19.0618188 ], [ 72.8601582, 19.0618624 ], [ 72.8600399, 19.0619106 ], [ 72.860107, 19.0620423 ], [ 72.8602715, 19.0619768 ], [ 72.8603449, 19.06182 ] ] ] } },
{ "type": "Feature", "properties": { "element": "way", "id": 353172640, "building:levels": null }, "geometry": { "type": "Polygon", "coordinates": [ [ [ 72.8604797, 19.0634818 ], [ 72.8610206, 19.0632236 ], [ 72.8606128, 19.0624603 ], [ 72.8600719, 19.0627185 ], [ 72.8604797, 19.0634818 ] ] ] } },
{ "type": "Feature", "properties": { "element": "way", "id": 353172641, "building:levels": null }, "geometry": { "type": "Polygon", "coordinates": [ [ [ 72.8603579, 19.0657007 ], [ 72.8603063, 19.0652677 ], [ 72.8601128, 19.0652883 ], [ 72.8601645, 19.0657213 ], [ 72.8603579, 19.0657007 ] ] ] } },
{ "type": "Feature", "properties": { "element": "way", "id": 353172646, "building:levels": null }, "geometry": { "type": "Polygon", "coordinates": [ [ [ 72.8605973, 19.064811 ], [ 72.8608205, 19.0649331 ], [ 72.8609262, 19.0647605 ], [ 72.8607031, 19.0646384 ], [ 72.8605973, 19.064811 ] ] ] } },
{ "type": "Feature", "properties": { "element": "way", "id": 353172650, "building:levels": null }, "geometry": { "type": "Polygon", "coordinates": [ [ [ 72.8598766, 19.064385 ], [ 72.8599965, 19.0644705 ], [ 72.860085, 19.0643596 ], [ 72.859965, 19.0642742 ], [ 72.8598766, 19.064385 ] ] ] } },
{ "type": "Feature", "properties": { "element": "way", "id": 353172651, "building:levels": null }, "geometry": { "type": "Polygon", "coordinates": [ [ [ 72.8624568, 19.063535 ], [ 72.8617095, 19.0627483 ], [ 72.8613352, 19.0630657 ], [ 72.8622245, 19.0636921 ], [ 72.8624568, 19.063535 ] ] ] } },
{ "type": "Feature", "properties": { "element": "way", "id": 353172652, "building:levels": null }, "geometry": { "type": "Polygon", "coordinates": [ [ [ 72.8592393, 19.0647766 ], [ 72.8596718, 19.0647276 ], [ 72.8596283, 19.0643844 ], [ 72.8591957, 19.0644335 ], [ 72.8592393, 19.0647766 ] ] ] } },
{ "type": "Feature", "properties": { "element": "way", "id": 353172653, "building:levels": null }, "geometry": { "type": "Polygon", "coordinates": [ [ [ 72.8601585, 19.0646127 ], [ 72.8604055, 19.064765 ], [ 72.8606112, 19.064467 ], [ 72.8605142, 19.064412 ], [ 72.8605056, 19.0644259 ], [ 72.8604557, 19.0643944 ], [ 72.8604673, 19.0643784 ], [ 72.8603642, 19.0643147 ], [ 72.8601585, 19.0646127 ] ] ] } },
{ "type": "Feature", "properties": { "element": "way", "id": 353172655, "building:levels": "8" }, "geometry": { "type": "Polygon", "coordinates": [ [ [ 72.8554578, 19.0684064 ], [ 72.8555468, 19.0683155 ], [ 72.8552796, 19.0680502 ], [ 72.8550788, 19.0680524 ], [ 72.8550636, 19.0682052 ], [ 72.8552768, 19.0682196 ], [ 72.8554578, 19.0684064 ] ] ] } },
{ "type": "Feature", "properties": { "element": "way", "id": 353172656, "building:levels": null }, "geometry": { "type": "Polygon", "coordinates": [ [ [ 72.8554809, 19.0687454 ], [ 72.8555231, 19.0687883 ], [ 72.8555589, 19.0687568 ], [ 72.8556184, 19.0688172 ], [ 72.8556717, 19.0687703 ], [ 72.8555699, 19.068667 ], [ 72.8554809, 19.0687454 ] ] ] } },
{ "type": "Feature", "properties": { "element": "way", "id": 353172658, "building:levels": "8" }, "geometry": { "type": "Polygon", "coordinates": [ [ [ 72.8548698, 19.0679604 ], [ 72.8550208, 19.0678296 ], [ 72.8549079, 19.0676957 ], [ 72.8549024, 19.067341 ], [ 72.8546484, 19.0673285 ], [ 72.8546904, 19.0677689 ], [ 72.8548698, 19.0679604 ] ] ] } },
{ "type": "Feature", "properties": { "element": "way", "id": 353172661, "building:levels": null }, "geometry": { "type": "Polygon", "coordinates": [ [ [ 72.8562143, 19.0674316 ], [ 72.8562545, 19.0674808 ], [ 72.856296, 19.0674505 ], [ 72.8563325, 19.0674952 ], [ 72.8563933, 19.0674508 ], [ 72.8563522, 19.0674005 ], [ 72.8563906, 19.0673724 ], [ 72.856355, 19.0673288 ], [ 72.8562143, 19.0674316 ] ] ] } },
{ "type": "Feature", "properties": { "element": "way", "id": 353172662, "building:levels": null }, "geometry": { "type": "Polygon", "coordinates": [ [ [ 72.860733, 19.0607693 ], [ 72.8609491, 19.0608294 ], [ 72.8611967, 19.0608309 ], [ 72.8614398, 19.0607699 ], [ 72.861645, 19.0606509 ], [ 72.861509, 19.0606203 ], [ 72.8612894, 19.0605916 ], [ 72.8611081, 19.0606144 ], [ 72.8609324, 19.0606654 ], [ 72.860733, 19.0607693 ] ] ] } },
{ "type": "Feature", "properties": { "element": "way", "id": 353181513, "building:levels": null }, "geometry": { "type": "Polygon", "coordinates": [ [ [ 72.8522781, 19.0542703 ], [ 72.8526007, 19.0545618 ], [ 72.8526938, 19.0544575 ], [ 72.8523814, 19.05417 ], [ 72.8522781, 19.0542703 ] ] ] } },
{ "type": "Feature", "properties": { "element": "way", "id": 353181515, "building:levels": null }, "geometry": { "type": "Polygon", "coordinates": [ [ [ 72.8530353, 19.0603073 ], [ 72.8528939, 19.0600683 ], [ 72.8527918, 19.0601223 ], [ 72.8528651, 19.0602462 ], [ 72.8528316, 19.0602639 ], [ 72.8528997, 19.0603789 ], [ 72.8529394, 19.060358 ], [ 72.8529293, 19.0603409 ], [ 72.8529833, 19.0603124 ], [ 72.8529934, 19.0603294 ], [ 72.8530353, 19.0603073 ] ] ] } },
{ "type": "Feature", "properties": { "element": "way", "id": 353181518, "building:levels": null }, "geometry": { "type": "Polygon", "coordinates": [ [ [ 72.8495543, 19.0675165 ], [ 72.8500407, 19.0666425 ], [ 72.8497777, 19.0665065 ], [ 72.8496778, 19.0666554 ], [ 72.8497627, 19.0666979 ], [ 72.8494117, 19.0673539 ], [ 72.8491675, 19.0670299 ], [ 72.8492816, 19.0669489 ], [ 72.8492163, 19.0668616 ], [ 72.8490019, 19.0670075 ], [ 72.849462, 19.0675874 ], [ 72.8495543, 19.0675165 ] ] ] } },
{ "type": "Feature", "properties": { "element": "way", "id": 353181519, "building:levels": null }, "geometry": { "type": "Polygon", "coordinates": [ [ [ 72.8536361, 19.0586241 ], [ 72.8536618, 19.0586448 ], [ 72.8535792, 19.0587367 ], [ 72.8536147, 19.0587651 ], [ 72.8536335, 19.0587442 ], [ 72.8537662, 19.0588507 ], [ 72.8538726, 19.0587321 ], [ 72.8538373, 19.0587039 ], [ 72.8538085, 19.0587359 ], [ 72.8537132, 19.0586596 ], [ 72.853742, 19.0586275 ], [ 72.8536786, 19.0585767 ], [ 72.8536361, 19.0586241 ] ] ] } },
{ "type": "Feature", "properties": { "element": "way", "id": 353181521, "building:levels": null }, "geometry": { "type": "Polygon", "coordinates": [ [ [ 72.8504372, 19.0567219 ], [ 72.8505502, 19.0567995 ], [ 72.8505747, 19.0567675 ], [ 72.8505391, 19.0567431 ], [ 72.8505587, 19.0567176 ], [ 72.8505822, 19.0567338 ], [ 72.8506031, 19.0567066 ], [ 72.8505876, 19.056696 ], [ 72.8506207, 19.0566528 ], [ 72.8506362, 19.0566635 ], [ 72.8506493, 19.0566464 ], [ 72.8506714, 19.0566616 ], [ 72.8507256, 19.056591 ], [ 72.8506025, 19.0565066 ], [ 72.8504372, 19.0567219 ] ] ] } },
{ "type": "Feature", "properties": { "element": "way", "id": 353181522, "building:levels": null }, "geometry": { "type": "Polygon", "coordinates": [ [ [ 72.8507109, 19.056844 ], [ 72.8508196, 19.056896 ], [ 72.8509026, 19.057002 ], [ 72.8509556, 19.0569532 ], [ 72.8509039, 19.0568787 ], [ 72.850961, 19.0568176 ], [ 72.8510317, 19.0568478 ], [ 72.8510762, 19.0567919 ], [ 72.8509841, 19.0567386 ], [ 72.8508981, 19.0566293 ], [ 72.8508387, 19.0566769 ], [ 72.8509141, 19.0567817 ], [ 72.8508597, 19.0568337 ], [ 72.850751, 19.0567765 ], [ 72.8507109, 19.056844 ] ] ] } },
{ "type": "Feature", "properties": { "element": "way", "id": 353181526, "building:levels": null }, "geometry": { "type": "Polygon", "coordinates": [ [ [ 72.8499619, 19.0563299 ], [ 72.8499963, 19.0563549 ], [ 72.8499828, 19.0563715 ], [ 72.8500439, 19.0564159 ], [ 72.8502424, 19.0561718 ], [ 72.8501598, 19.0561118 ], [ 72.8500965, 19.0561896 ], [ 72.8500836, 19.0561803 ], [ 72.8500612, 19.0562078 ], [ 72.8500747, 19.0562175 ], [ 72.8500565, 19.0562399 ], [ 72.8500431, 19.0562301 ], [ 72.8500208, 19.0562575 ], [ 72.8500358, 19.0562684 ], [ 72.8500028, 19.056309 ], [ 72.8499878, 19.0562981 ], [ 72.8499619, 19.0563299 ] ] ] } },
{ "type": "Feature", "properties": { "element": "way", "id": 353181528, "building:levels": null }, "geometry": { "type": "Polygon", "coordinates": [ [ [ 72.8481126, 19.0664779 ], [ 72.8481541, 19.0664779 ], [ 72.8481541, 19.0664476 ], [ 72.848189, 19.0664476 ], [ 72.848189, 19.0666301 ], [ 72.8482409, 19.0666301 ], [ 72.8482409, 19.0666009 ], [ 72.8482803, 19.0666009 ], [ 72.8482803, 19.0666178 ], [ 72.8483327, 19.0666178 ], [ 72.8483327, 19.0664396 ], [ 72.8482898, 19.0664396 ], [ 72.8482898, 19.0664634 ], [ 72.8482531, 19.0664634 ], [ 72.8482531, 19.0662878 ], [ 72.8482002, 19.0662878 ], [ 72.8482002, 19.066317 ], [ 72.848157, 19.066317 ], [ 72.848157, 19.0662878 ], [ 72.8481126, 19.0662878 ], [ 72.8481126, 19.0664779 ] ] ] } },
{ "type": "Feature", "properties": { "element": "way", "id": 353181529, "building:levels": null }, "geometry": { "type": "Polygon", "coordinates": [ [ [ 72.8478622, 19.0668859 ], [ 72.8479661, 19.0668944 ], [ 72.847969, 19.0668624 ], [ 72.8480503, 19.066869 ], [ 72.8480474, 19.066901 ], [ 72.848141, 19.0669086 ], [ 72.8481472, 19.066841 ], [ 72.8480998, 19.0668371 ], [ 72.8481053, 19.0667766 ], [ 72.8481509, 19.0667803 ], [ 72.848157, 19.0667129 ], [ 72.8480588, 19.0667049 ], [ 72.8480542, 19.0667557 ], [ 72.847975, 19.0667493 ], [ 72.8479796, 19.0666985 ], [ 72.8478801, 19.0666903 ], [ 72.8478729, 19.0667686 ], [ 72.8479292, 19.0667732 ], [ 72.8479244, 19.0668256 ], [ 72.8478681, 19.066821 ], [ 72.8478622, 19.0668859 ] ] ] } },
{ "type": "Feature", "properties": { "element": "way", "id": 353181530, "building:levels": null }, "geometry": { "type": "Polygon", "coordinates": [ [ [ 72.8610983, 19.0616831 ], [ 72.8610407, 19.0614201 ], [ 72.8610278, 19.0613633 ], [ 72.8609968, 19.0613639 ], [ 72.8609516, 19.0612749 ], [ 72.8608984, 19.0612553 ], [ 72.8608162, 19.0612537 ], [ 72.8607941, 19.0612161 ], [ 72.8606469, 19.0612501 ], [ 72.8607268, 19.0615828 ], [ 72.8607547, 19.0615841 ], [ 72.8607602, 19.0616172 ], [ 72.8607867, 19.0616475 ], [ 72.8608375, 19.0616515 ], [ 72.8608685, 19.061617 ], [ 72.8609048, 19.0616338 ], [ 72.8609271, 19.0616633 ], [ 72.8609693, 19.0616842 ], [ 72.8609738, 19.0617242 ], [ 72.8609926, 19.0617485 ], [ 72.8610411, 19.0617512 ], [ 72.861082, 19.0617135 ], [ 72.8610762, 19.0616872 ], [ 72.8610983, 19.0616831 ] ] ] } },
{ "type": "Feature", "properties": { "element": "way", "id": 353181531, "building:levels": null }, "geometry": { "type": "Polygon", "coordinates": [ [ [ 72.8595943, 19.0613096 ], [ 72.8596662, 19.0613232 ], [ 72.859658, 19.0613618 ], [ 72.8597137, 19.0613723 ], [ 72.8597216, 19.0613346 ], [ 72.8597893, 19.0613473 ], [ 72.8598101, 19.0612485 ], [ 72.8597633, 19.0612397 ], [ 72.8597813, 19.0611548 ], [ 72.8599031, 19.0611777 ], [ 72.8599006, 19.0611895 ], [ 72.8599795, 19.0612044 ], [ 72.8599689, 19.0612547 ], [ 72.8600216, 19.0612646 ], [ 72.8600312, 19.0612191 ], [ 72.8600845, 19.0612292 ], [ 72.860169, 19.0608289 ], [ 72.8601062, 19.0608288 ], [ 72.860105, 19.060808 ], [ 72.8600549, 19.0608003 ], [ 72.8600509, 19.0608312 ], [ 72.8600129, 19.0608222 ], [ 72.8599953, 19.060869 ], [ 72.8600391, 19.0608704 ], [ 72.8600178, 19.0609712 ], [ 72.8598113, 19.0609323 ], [ 72.8598202, 19.06089 ], [ 72.8597556, 19.0608778 ], [ 72.8597463, 19.0609215 ], [ 72.8596937, 19.0609202 ], [ 72.8595943, 19.0613096 ] ] ] } },
{ "type": "Feature", "properties": { "element": "way", "id": 353181533, "building:levels": null }, "geometry": { "type": "Polygon", "coordinates": [ [ [ 72.8545851, 19.0600113 ], [ 72.8546826, 19.0600687 ], [ 72.8547744, 19.059927 ], [ 72.8546808, 19.059865 ], [ 72.8545851, 19.0600113 ] ] ] } },
{ "type": "Feature", "properties": { "element": "way", "id": 353181534, "building:levels": null }, "geometry": { "type": "Polygon", "coordinates": [ [ [ 72.8489691, 19.0546469 ], [ 72.8490327, 19.0547047 ], [ 72.8491336, 19.0546057 ], [ 72.8490701, 19.0545478 ], [ 72.8489691, 19.0546469 ] ] ] } },
{ "type": "Feature", "properties": { "element": "way", "id": 353181535, "building:levels": null }, "geometry": { "type": "Polygon", "coordinates": [ [ [ 72.8484761, 19.0545877 ], [ 72.8485501, 19.0546576 ], [ 72.848679, 19.0545359 ], [ 72.8486049, 19.0544659 ], [ 72.8484761, 19.0545877 ] ] ] } },
{ "type": "Feature", "properties": { "element": "way", "id": 353181537, "building:levels": null }, "geometry": { "type": "Polygon", "coordinates": [ [ [ 72.848212, 19.0542991 ], [ 72.8483158, 19.0543991 ], [ 72.8484, 19.054321 ], [ 72.8482962, 19.054221 ], [ 72.848212, 19.0542991 ] ] ] } },
{ "type": "Feature", "properties": { "element": "way", "id": 353181538, "building:levels": null }, "geometry": { "type": "Polygon", "coordinates": [ [ [ 72.849091, 19.0544194 ], [ 72.8489564, 19.0542434 ], [ 72.8488759, 19.0542984 ], [ 72.8490105, 19.0544744 ], [ 72.849091, 19.0544194 ] ] ] } },
{ "type": "Feature", "properties": { "element": "way", "id": 353181539, "building:levels": null }, "geometry": { "type": "Polygon", "coordinates": [ [ [ 72.8488759, 19.0549816 ], [ 72.8489656, 19.0550657 ], [ 72.8490848, 19.0549521 ], [ 72.8489951, 19.054868 ], [ 72.8488759, 19.0549816 ] ] ] } },
{ "type": "Feature", "properties": { "element": "way", "id": 353181540, "building:levels": null }, "geometry": { "type": "Polygon", "coordinates": [ [ [ 72.8483558, 19.0550203 ], [ 72.8484386, 19.0550937 ], [ 72.8485396, 19.054992 ], [ 72.8484568, 19.0549186 ], [ 72.8483558, 19.0550203 ] ] ] } },
{ "type": "Feature", "properties": { "element": "way", "id": 353181541, "building:levels": null }, "geometry": { "type": "Polygon", "coordinates": [ [ [ 72.8483031, 19.0539303 ], [ 72.8483775, 19.0539697 ], [ 72.8484889, 19.0537821 ], [ 72.8484146, 19.0537427 ], [ 72.8483031, 19.0539303 ] ] ] } },
{ "type": "Feature", "properties": { "element": "way", "id": 353181542, "building:levels": null }, "geometry": { "type": "Polygon", "coordinates": [ [ [ 72.8506007, 19.0560587 ], [ 72.8507192, 19.0561529 ], [ 72.850813, 19.0560475 ], [ 72.8506945, 19.0559533 ], [ 72.8506007, 19.0560587 ] ] ] } },
{ "type": "Feature", "properties": { "element": "way", "id": 353181543, "building:levels": null }, "geometry": { "type": "Polygon", "coordinates": [ [ [ 72.8494103, 19.0551229 ], [ 72.8495163, 19.0552213 ], [ 72.8496686, 19.0550748 ], [ 72.8495626, 19.0549764 ], [ 72.8494103, 19.0551229 ] ] ] } },
{ "type": "Feature", "properties": { "element": "way", "id": 353181544, "building:levels": null }, "geometry": { "type": "Polygon", "coordinates": [ [ [ 72.8514536, 19.0574853 ], [ 72.8517392, 19.0571692 ], [ 72.8516554, 19.0571015 ], [ 72.8513697, 19.0574176 ], [ 72.8514536, 19.0574853 ] ] ] } },
{ "type": "Feature", "properties": { "element": "way", "id": 353181545, "building:levels": null }, "geometry": { "type": "Polygon", "coordinates": [ [ [ 72.8619792, 19.0604278 ], [ 72.8623331, 19.0604514 ], [ 72.8623449, 19.0602942 ], [ 72.8619909, 19.0602706 ], [ 72.8619792, 19.0604278 ] ] ] } },
{ "type": "Feature", "properties": { "element": "way", "id": 353181546, "building:levels": null }, "geometry": { "type": "Polygon", "coordinates": [ [ [ 72.8506822, 19.0564121 ], [ 72.8507914, 19.0564944 ], [ 72.850888, 19.05638 ], [ 72.8507788, 19.0562977 ], [ 72.8506822, 19.0564121 ] ] ] } },
{ "type": "Feature", "properties": { "element": "way", "id": 353181547, "building:levels": null }, "geometry": { "type": "Polygon", "coordinates": [ [ [ 72.8479597, 19.0663922 ], [ 72.8479695, 19.066319 ], [ 72.8478245, 19.066325 ], [ 72.8478286, 19.0664038 ], [ 72.8479597, 19.0663922 ] ] ] } },
{ "type": "Feature", "properties": { "element": "way", "id": 353181548, "building:levels": null }, "geometry": { "type": "Polygon", "coordinates": [ [ [ 72.8535954, 19.0600108 ], [ 72.8534322, 19.0597436 ], [ 72.8533403, 19.0597937 ], [ 72.8535035, 19.0600609 ], [ 72.8535954, 19.0600108 ] ] ] } },
{ "type": "Feature", "properties": { "element": "way", "id": 353181549, "building:levels": "12" }, "geometry": { "type": "Polygon", "coordinates": [ [ [ 72.8519338, 19.0660479 ], [ 72.8520547, 19.0661067 ], [ 72.8524798, 19.0653265 ], [ 72.852359, 19.0652677 ], [ 72.8519338, 19.0660479 ] ] ] } },
{ "type": "Feature", "properties": { "element": "way", "id": 353181550, "building:levels": null }, "geometry": { "type": "Polygon", "coordinates": [ [ [ 72.8526308, 19.0603736 ], [ 72.8527452, 19.060314 ], [ 72.8526203, 19.0600996 ], [ 72.8525058, 19.0601591 ], [ 72.8526308, 19.0603736 ] ] ] } },
{ "type": "Feature", "properties": { "element": "way", "id": 353181551, "building:levels": null }, "geometry": { "type": "Polygon", "coordinates": [ [ [ 72.8487297, 19.0547805 ], [ 72.8487831, 19.0548327 ], [ 72.8488898, 19.0547355 ], [ 72.8488365, 19.0546832 ], [ 72.8487297, 19.0547805 ] ] ] } },
{ "type": "Feature", "properties": { "element": "way", "id": 353181552, "building:levels": null }, "geometry": { "type": "Polygon", "coordinates": [ [ [ 72.8492383, 19.055361 ], [ 72.8493402, 19.0554483 ], [ 72.8494091, 19.0553763 ], [ 72.8493072, 19.0552891 ], [ 72.8492383, 19.055361 ] ] ] } },
{ "type": "Feature", "properties": { "element": "way", "id": 353181553, "building:levels": null }, "geometry": { "type": "Polygon", "coordinates": [ [ [ 72.8474893, 19.0540134 ], [ 72.8473723, 19.0537749 ], [ 72.8472533, 19.0538271 ], [ 72.8473025, 19.0539273 ], [ 72.8473164, 19.0539212 ], [ 72.8473354, 19.0539599 ], [ 72.8473518, 19.0539527 ], [ 72.8473689, 19.0539876 ], [ 72.8473845, 19.0539807 ], [ 72.847407, 19.0540266 ], [ 72.8474328, 19.0540153 ], [ 72.847442, 19.0540342 ], [ 72.8474893, 19.0540134 ] ] ] } },
{ "type": "Feature", "properties": { "element": "way", "id": 353181554, "building:levels": null }, "geometry": { "type": "Polygon", "coordinates": [ [ [ 72.8491998, 19.0548304 ], [ 72.8492703, 19.0548958 ], [ 72.8493722, 19.0547976 ], [ 72.8493017, 19.0547323 ], [ 72.8491998, 19.0548304 ] ] ] } },
{ "type": "Feature", "properties": { "element": "way", "id": 353181555, "building:levels": "12" }, "geometry": { "type": "Polygon", "coordinates": [ [ [ 72.8521213, 19.0661515 ], [ 72.8522561, 19.0662171 ], [ 72.8526849, 19.0654302 ], [ 72.8525501, 19.0653646 ], [ 72.8521213, 19.0661515 ] ] ] } },
{ "type": "Feature", "properties": { "element": "way", "id": 353181556, "building:levels": null }, "geometry": { "type": "Polygon", "coordinates": [ [ [ 72.8540964, 19.0604927 ], [ 72.8542521, 19.0605756 ], [ 72.8543187, 19.0604638 ], [ 72.854163, 19.0603809 ], [ 72.8540964, 19.0604927 ] ] ] } },
{ "type": "Feature", "properties": { "element": "way", "id": 353181557, "building:levels": "8" }, "geometry": { "type": "Polygon", "coordinates": [ [ [ 72.861979, 19.0607984 ], [ 72.8623651, 19.0608241 ], [ 72.862379, 19.0606379 ], [ 72.8619929, 19.0606122 ], [ 72.861979, 19.0607984 ] ] ] } },
{ "type": "Feature", "properties": { "element": "way", "id": 353181559, "building:levels": null }, "geometry": { "type": "Polygon", "coordinates": [ [ [ 72.8517392, 19.0571692 ], [ 72.8519662, 19.0570586 ], [ 72.851904, 19.0569448 ], [ 72.851678, 19.0570553 ], [ 72.8517392, 19.0571692 ] ] ] } },
{ "type": "Feature", "properties": { "element": "way", "id": 353181562, "building:levels": null }, "geometry": { "type": "Polygon", "coordinates": [ [ [ 72.8501423, 19.0564558 ], [ 72.8502364, 19.0565304 ], [ 72.8502885, 19.0564717 ], [ 72.8503506, 19.0564019 ], [ 72.8502565, 19.0563273 ], [ 72.8501423, 19.0564558 ] ] ] } },
{ "type": "Feature", "properties": { "element": "way", "id": 353181563, "building:levels": null }, "geometry": { "type": "Polygon", "coordinates": [ [ [ 72.8480605, 19.054362 ], [ 72.8482019, 19.0544982 ], [ 72.8482744, 19.054431 ], [ 72.848133, 19.0542948 ], [ 72.8480605, 19.054362 ] ] ] } },
{ "type": "Feature", "properties": { "element": "way", "id": 353181564, "building:levels": null }, "geometry": { "type": "Polygon", "coordinates": [ [ [ 72.8502926, 19.0565924 ], [ 72.850361, 19.0566495 ], [ 72.8504752, 19.0565274 ], [ 72.8504068, 19.0564703 ], [ 72.8502926, 19.0565924 ] ] ] } },
{ "type": "Feature", "properties": { "element": "way", "id": 353181565, "building:levels": null }, "geometry": { "type": "Polygon", "coordinates": [ [ [ 72.8533232, 19.0590689 ], [ 72.8534685, 19.0591892 ], [ 72.8536318, 19.0590129 ], [ 72.8534866, 19.0588926 ], [ 72.8533232, 19.0590689 ] ] ] } },
{ "type": "Feature", "properties": { "element": "way", "id": 353181566, "building:levels": null }, "geometry": { "type": "Polygon", "coordinates": [ [ [ 72.8534897, 19.0606444 ], [ 72.8536993, 19.060628 ], [ 72.8536871, 19.0604885 ], [ 72.8534775, 19.0605049 ], [ 72.8534897, 19.0606444 ] ] ] } },
{ "type": "Feature", "properties": { "element": "way", "id": 353181567, "building:levels": null }, "geometry": { "type": "Polygon", "coordinates": [ [ [ 72.8490845, 19.0547105 ], [ 72.8491405, 19.0547668 ], [ 72.8492539, 19.0546659 ], [ 72.8491979, 19.0546096 ], [ 72.8490845, 19.0547105 ] ] ] } },
{ "type": "Feature", "properties": { "element": "way", "id": 353181569, "building:levels": null }, "geometry": { "type": "Polygon", "coordinates": [ [ [ 72.848355, 19.054475 ], [ 72.8484321, 19.0545519 ], [ 72.8485417, 19.0544538 ], [ 72.8484646, 19.0543768 ], [ 72.848355, 19.054475 ] ] ] } },
{ "type": "Feature", "properties": { "element": "way", "id": 353181570, "building:levels": null }, "geometry": { "type": "Polygon", "coordinates": [ [ [ 72.8508032, 19.0562193 ], [ 72.850938, 19.0563226 ], [ 72.8510196, 19.0562275 ], [ 72.8508848, 19.0561242 ], [ 72.8508032, 19.0562193 ] ] ] } },
{ "type": "Feature", "properties": { "element": "way", "id": 353181571, "building:levels": null }, "geometry": { "type": "Polygon", "coordinates": [ [ [ 72.849068, 19.0551383 ], [ 72.8491288, 19.0551923 ], [ 72.8492525, 19.0550677 ], [ 72.8491917, 19.0550137 ], [ 72.849068, 19.0551383 ] ] ] } },
{ "type": "Feature", "properties": { "element": "way", "id": 353181572, "building:levels": null }, "geometry": { "type": "Polygon", "coordinates": [ [ [ 72.8488395, 19.0542716 ], [ 72.8489083, 19.0542104 ], [ 72.8488083, 19.0541102 ], [ 72.8487396, 19.0541714 ], [ 72.8488395, 19.0542716 ] ] ] } },
{ "type": "Feature", "properties": { "element": "way", "id": 353181573, "building:levels": null }, "geometry": { "type": "Polygon", "coordinates": [ [ [ 72.8492526, 19.0555725 ], [ 72.8493719, 19.0556659 ], [ 72.8495565, 19.0554551 ], [ 72.8494372, 19.0553617 ], [ 72.8492526, 19.0555725 ] ] ] } },
{ "type": "Feature", "properties": { "element": "way", "id": 353181575, "building:levels": null }, "geometry": { "type": "Polygon", "coordinates": [ [ [ 72.8532247, 19.0584858 ], [ 72.8534199, 19.0586493 ], [ 72.8535375, 19.0585239 ], [ 72.8533218, 19.0583431 ], [ 72.8532989, 19.0583675 ], [ 72.8533195, 19.0583848 ], [ 72.8532247, 19.0584858 ] ] ] } },
{ "type": "Feature", "properties": { "element": "way", "id": 353181577, "building:levels": null }, "geometry": { "type": "Polygon", "coordinates": [ [ [ 72.8478352, 19.0538103 ], [ 72.8478329, 19.0536973 ], [ 72.8476963, 19.0536998 ], [ 72.8477, 19.0538768 ], [ 72.8477867, 19.0538752 ], [ 72.8477854, 19.0538112 ], [ 72.8478352, 19.0538103 ] ] ] } },
{ "type": "Feature", "properties": { "element": "way", "id": 353181578, "building:levels": null }, "geometry": { "type": "Polygon", "coordinates": [ [ [ 72.850394, 19.0558608 ], [ 72.8504278, 19.0558903 ], [ 72.8504377, 19.0558802 ], [ 72.8505317, 19.0559625 ], [ 72.8506003, 19.0558925 ], [ 72.8504725, 19.0557807 ], [ 72.850394, 19.0558608 ] ] ] } },
{ "type": "Feature", "properties": { "element": "way", "id": 353181579, "building:levels": null }, "geometry": { "type": "Polygon", "coordinates": [ [ [ 72.8490229, 19.0555715 ], [ 72.8491437, 19.0555682 ], [ 72.8492012, 19.0555475 ], [ 72.8492004, 19.0554456 ], [ 72.8491616, 19.0553712 ], [ 72.8490509, 19.0553783 ], [ 72.8490035, 19.0554388 ], [ 72.8490229, 19.0555715 ] ] ] } },
{ "type": "Feature", "properties": { "element": "way", "id": 353181580, "building:levels": null }, "geometry": { "type": "Polygon", "coordinates": [ [ [ 72.8519676, 19.0539209 ], [ 72.8520965, 19.0540473 ], [ 72.8522547, 19.0539098 ], [ 72.8525006, 19.0541253 ], [ 72.8526364, 19.0539772 ], [ 72.8522746, 19.0536594 ], [ 72.8519676, 19.0539209 ] ] ] } },
{ "type": "Feature", "properties": { "element": "way", "id": 353181581, "building:levels": null }, "geometry": { "type": "Polygon", "coordinates": [ [ [ 72.8608499, 19.0595132 ], [ 72.8611932, 19.0595438 ], [ 72.8613379, 19.0595149 ], [ 72.8614969, 19.0593774 ], [ 72.861773, 19.0593482 ], [ 72.8618063, 19.059053 ], [ 72.8611918, 19.0590075 ], [ 72.8608765, 19.059186 ], [ 72.8608499, 19.0595132 ] ] ] } },
{ "type": "Feature", "properties": { "element": "way", "id": 353181584, "building:levels": null }, "geometry": { "type": "Polygon", "coordinates": [ [ [ 72.8481109, 19.0538778 ], [ 72.8481423, 19.0538919 ], [ 72.8481227, 19.053931 ], [ 72.8481775, 19.0539556 ], [ 72.8481964, 19.0539179 ], [ 72.848238, 19.0539365 ], [ 72.8483217, 19.0537692 ], [ 72.8481939, 19.053712 ], [ 72.8481109, 19.0538778 ] ] ] } },
{ "type": "Feature", "properties": { "element": "way", "id": 353181585, "building:levels": null }, "geometry": { "type": "Polygon", "coordinates": [ [ [ 72.8613251, 19.0616029 ], [ 72.8613734, 19.0616511 ], [ 72.8615326, 19.0615855 ], [ 72.8615611, 19.0612728 ], [ 72.8615251, 19.0612379 ], [ 72.8613876, 19.0612324 ], [ 72.8613588, 19.0612483 ], [ 72.8613507, 19.06128 ], [ 72.8613251, 19.0616029 ] ] ] } },
{ "type": "Feature", "properties": { "element": "way", "id": 353181586, "building:levels": null }, "geometry": { "type": "Polygon", "coordinates": [ [ [ 72.8586428, 19.0654646 ], [ 72.8587191, 19.0654566 ], [ 72.8587288, 19.065539 ], [ 72.8592203, 19.0654874 ], [ 72.8592103, 19.065402 ], [ 72.8592786, 19.0653949 ], [ 72.8592512, 19.0651616 ], [ 72.858615, 19.0652284 ], [ 72.8586428, 19.0654646 ] ] ] } },
{ "type": "Feature", "properties": { "element": "way", "id": 353181587, "building:levels": null }, "geometry": { "type": "Polygon", "coordinates": [ [ [ 72.848035, 19.0538552 ], [ 72.848035, 19.0536874 ], [ 72.8479072, 19.0536874 ], [ 72.8479072, 19.0538523 ], [ 72.8479487, 19.0538523 ], [ 72.8479487, 19.0538771 ], [ 72.8480099, 19.0538771 ], [ 72.8480099, 19.0538552 ], [ 72.848035, 19.0538552 ] ] ] } },
{ "type": "Feature", "properties": { "element": "way", "id": 353181588, "building:levels": null }, "geometry": { "type": "Polygon", "coordinates": [ [ [ 72.8502286, 19.0560336 ], [ 72.8502739, 19.0560675 ], [ 72.8502515, 19.0560943 ], [ 72.8503015, 19.0561317 ], [ 72.8504341, 19.0559736 ], [ 72.8503886, 19.0559395 ], [ 72.850373, 19.0559581 ], [ 72.8503233, 19.0559208 ], [ 72.8502286, 19.0560336 ] ] ] } },
{ "type": "Feature", "properties": { "element": "way", "id": 353181589, "building:levels": null }, "geometry": { "type": "Polygon", "coordinates": [ [ [ 72.8526419, 19.0609405 ], [ 72.8527705, 19.0608945 ], [ 72.852664, 19.0606289 ], [ 72.8527595, 19.0605947 ], [ 72.8526812, 19.0603994 ], [ 72.8525846, 19.0604339 ], [ 72.8524867, 19.0601898 ], [ 72.8523593, 19.0602355 ], [ 72.8526419, 19.0609405 ] ] ] } },
{ "type": "Feature", "properties": { "element": "way", "id": 353192988, "building:levels": null }, "geometry": { "type": "Polygon", "coordinates": [ [ [ 72.8632959, 19.0694575 ], [ 72.8631512, 19.0695631 ], [ 72.8632135, 19.0697912 ], [ 72.8632953, 19.0697765 ], [ 72.8633008, 19.0698305 ], [ 72.8633715, 19.0698266 ], [ 72.8633674, 19.0697727 ], [ 72.8634041, 19.0697688 ], [ 72.8634095, 19.0698189 ], [ 72.8634802, 19.0698164 ], [ 72.8634734, 19.0697611 ], [ 72.8634911, 19.0697611 ], [ 72.8634978, 19.0698038 ], [ 72.8635604, 19.0697919 ], [ 72.8635586, 19.0697538 ], [ 72.8636019, 19.0697457 ], [ 72.8635412, 19.0695107 ], [ 72.8634847, 19.0694336 ], [ 72.863461, 19.0693539 ], [ 72.8632761, 19.0694001 ], [ 72.8632959, 19.0694575 ] ] ] } },
{ "type": "Feature", "properties": { "element": "way", "id": 353193223, "building:levels": null }, "geometry": { "type": "Polygon", "coordinates": [ [ [ 72.8498969, 19.0650478 ], [ 72.8500315, 19.0648036 ], [ 72.8498433, 19.064711 ], [ 72.8498008, 19.0647881 ], [ 72.8498592, 19.0648169 ], [ 72.8498157, 19.0648957 ], [ 72.8498347, 19.0649051 ], [ 72.8498219, 19.0649284 ], [ 72.8498598, 19.064947 ], [ 72.849824, 19.0650119 ], [ 72.8498969, 19.0650478 ] ] ] } },
{ "type": "Feature", "properties": { "element": "way", "id": 353193224, "building:levels": null }, "geometry": { "type": "Polygon", "coordinates": [ [ [ 72.8504153, 19.0665111 ], [ 72.8509498, 19.0667869 ], [ 72.851306, 19.0661701 ], [ 72.8512063, 19.0661187 ], [ 72.8510296, 19.0664247 ], [ 72.8510027, 19.0664109 ], [ 72.8509817, 19.0664472 ], [ 72.8510301, 19.0664722 ], [ 72.8509179, 19.0666666 ], [ 72.8507765, 19.0665936 ], [ 72.8510865, 19.0660568 ], [ 72.8509843, 19.0660041 ], [ 72.8508, 19.0663234 ], [ 72.8507837, 19.066315 ], [ 72.8506552, 19.0665376 ], [ 72.850538, 19.0664772 ], [ 72.8506486, 19.0662857 ], [ 72.8506767, 19.0663003 ], [ 72.8508791, 19.0659499 ], [ 72.8507915, 19.0659047 ], [ 72.8505979, 19.0662398 ], [ 72.8505779, 19.0662295 ], [ 72.8504153, 19.0665111 ] ] ] } },
{ "type": "Feature", "properties": { "element": "way", "id": 353193225, "building:levels": null }, "geometry": { "type": "Polygon", "coordinates": [ [ [ 72.849488, 19.0700687 ], [ 72.8495669, 19.0701063 ], [ 72.8495275, 19.0701802 ], [ 72.8496626, 19.0702445 ], [ 72.8499098, 19.0697807 ], [ 72.8501037, 19.069873 ], [ 72.8500733, 19.0699301 ], [ 72.8501795, 19.0699806 ], [ 72.8502798, 19.0697925 ], [ 72.8501334, 19.0697228 ], [ 72.8501549, 19.0696825 ], [ 72.8498699, 19.0695467 ], [ 72.8498367, 19.069609 ], [ 72.8497541, 19.0695697 ], [ 72.849683, 19.069703 ], [ 72.8497418, 19.069731 ], [ 72.8497251, 19.0697624 ], [ 72.8497706, 19.069784 ], [ 72.8496724, 19.0699682 ], [ 72.8496269, 19.0699466 ], [ 72.849613, 19.0699727 ], [ 72.8495542, 19.0699447 ], [ 72.849488, 19.0700687 ] ] ] } },
{ "type": "Feature", "properties": { "element": "way", "id": 353193226, "building:levels": null }, "geometry": { "type": "Polygon", "coordinates": [ [ [ 72.8503489, 19.0650696 ], [ 72.850436, 19.0651125 ], [ 72.8506196, 19.0647794 ], [ 72.8506518, 19.0647953 ], [ 72.8506779, 19.064748 ], [ 72.8506382, 19.0647284 ], [ 72.8507442, 19.0645361 ], [ 72.8508938, 19.0646097 ], [ 72.8505782, 19.0651825 ], [ 72.8506552, 19.0652204 ], [ 72.8508376, 19.0648894 ], [ 72.8508726, 19.0649066 ], [ 72.8508991, 19.0648585 ], [ 72.8508553, 19.064837 ], [ 72.850961, 19.0646453 ], [ 72.8511239, 19.0647255 ], [ 72.851014, 19.0649249 ], [ 72.8509873, 19.0649118 ], [ 72.8507951, 19.0652606 ], [ 72.8508241, 19.0652749 ], [ 72.8508068, 19.0653063 ], [ 72.8508947, 19.0653496 ], [ 72.850918, 19.0653074 ], [ 72.8508869, 19.0652921 ], [ 72.8512281, 19.0646731 ], [ 72.8507084, 19.0644172 ], [ 72.8503489, 19.0650696 ] ] ] } },
{ "type": "Feature", "properties": { "element": "way", "id": 353193227, "building:levels": null }, "geometry": { "type": "Polygon", "coordinates": [ [ [ 72.851038, 19.065434 ], [ 72.8511557, 19.0654894 ], [ 72.8513271, 19.065164 ], [ 72.8513549, 19.0651771 ], [ 72.8513772, 19.0651349 ], [ 72.8513235, 19.0651097 ], [ 72.8514297, 19.0649081 ], [ 72.8516144, 19.064995 ], [ 72.8515152, 19.0651834 ], [ 72.8514741, 19.0651641 ], [ 72.8514444, 19.0652204 ], [ 72.8514502, 19.0652231 ], [ 72.8512846, 19.0655374 ], [ 72.8513546, 19.0655703 ], [ 72.851515, 19.0652658 ], [ 72.851543, 19.065279 ], [ 72.8516705, 19.065037 ], [ 72.8518256, 19.06511 ], [ 72.8517196, 19.0653113 ], [ 72.8516822, 19.0652937 ], [ 72.8516613, 19.0653334 ], [ 72.8516691, 19.065337 ], [ 72.8515081, 19.0656425 ], [ 72.8515962, 19.065684 ], [ 72.8519252, 19.0650595 ], [ 72.8513724, 19.0647993 ], [ 72.851038, 19.065434 ] ] ] } },
{ "type": "Feature", "properties": { "element": "way", "id": 353193228, "building:levels": null }, "geometry": { "type": "Polygon", "coordinates": [ [ [ 72.850194, 19.0579265 ], [ 72.8503456, 19.058048 ], [ 72.8503926, 19.0579955 ], [ 72.850241, 19.0578741 ], [ 72.850194, 19.0579265 ] ] ] } },
{ "type": "Feature", "properties": { "element": "way", "id": 353193229, "building:levels": "4" }, "geometry": { "type": "Polygon", "coordinates": [ [ [ 72.8481432, 19.0679019 ], [ 72.8482152, 19.0679365 ], [ 72.8483526, 19.0676808 ], [ 72.8482805, 19.0676462 ], [ 72.8481432, 19.0679019 ] ] ] } },
{ "type": "Feature", "properties": { "element": "way", "id": 353193230, "building:levels": "4" }, "geometry": { "type": "Polygon", "coordinates": [ [ [ 72.8478999, 19.0679212 ], [ 72.8479713, 19.0679558 ], [ 72.8481018, 19.0677156 ], [ 72.8480304, 19.0676809 ], [ 72.8478999, 19.0679212 ] ] ] } },
{ "type": "Feature", "properties": { "element": "way", "id": 353193231, "building:levels": null }, "geometry": { "type": "Polygon", "coordinates": [ [ [ 72.853466, 19.0617113 ], [ 72.8537311, 19.06185 ], [ 72.8537845, 19.0617589 ], [ 72.8535194, 19.0616201 ], [ 72.853466, 19.0617113 ] ] ] } },
{ "type": "Feature", "properties": { "element": "way", "id": 353193232, "building:levels": null }, "geometry": { "type": "Polygon", "coordinates": [ [ [ 72.8499379, 19.0577583 ], [ 72.8500793, 19.0578688 ], [ 72.8501236, 19.0578182 ], [ 72.8499822, 19.0577077 ], [ 72.8499379, 19.0577583 ] ] ] } },
{ "type": "Feature", "properties": { "element": "way", "id": 353193233, "building:levels": null }, "geometry": { "type": "Polygon", "coordinates": [ [ [ 72.8483658, 19.06911 ], [ 72.8484647, 19.0691694 ], [ 72.8485992, 19.0689696 ], [ 72.8485004, 19.0689101 ], [ 72.8483658, 19.06911 ] ] ] } },
{ "type": "Feature", "properties": { "element": "way", "id": 353193234, "building:levels": null }, "geometry": { "type": "Polygon", "coordinates": [ [ [ 72.8534466, 19.0619786 ], [ 72.8536087, 19.0620486 ], [ 72.8536658, 19.0619304 ], [ 72.8535037, 19.0618604 ], [ 72.8534466, 19.0619786 ] ] ] } },
{ "type": "Feature", "properties": { "element": "way", "id": 353193235, "building:levels": null }, "geometry": { "type": "Polygon", "coordinates": [ [ [ 72.8509124, 19.0685879 ], [ 72.8511333, 19.0682156 ], [ 72.8510835, 19.0681891 ], [ 72.8511217, 19.0681247 ], [ 72.8510637, 19.0680939 ], [ 72.851088, 19.0680531 ], [ 72.8508581, 19.0679311 ], [ 72.8506561, 19.0682713 ], [ 72.8507983, 19.0683467 ], [ 72.8507252, 19.0684812 ], [ 72.8508552, 19.0685917 ], [ 72.8508748, 19.068568 ], [ 72.8509124, 19.0685879 ] ] ] } },
{ "type": "Feature", "properties": { "element": "way", "id": 353193236, "building:levels": null }, "geometry": { "type": "Polygon", "coordinates": [ [ [ 72.8499667, 19.0673815 ], [ 72.8500584, 19.0674271 ], [ 72.8501036, 19.067346 ], [ 72.8501305, 19.0673594 ], [ 72.8502011, 19.0672326 ], [ 72.8502222, 19.0672431 ], [ 72.8503349, 19.0670409 ], [ 72.8502957, 19.0670213 ], [ 72.8504033, 19.0668281 ], [ 72.8505219, 19.0668872 ], [ 72.8504079, 19.0670918 ], [ 72.8504452, 19.0671104 ], [ 72.8502582, 19.067446 ], [ 72.8502272, 19.0674306 ], [ 72.850192, 19.0674937 ], [ 72.8502526, 19.0675238 ], [ 72.8502607, 19.0675094 ], [ 72.850303, 19.0675305 ], [ 72.8504955, 19.0671851 ], [ 72.8505168, 19.0671957 ], [ 72.8505408, 19.0671525 ], [ 72.8505093, 19.0671368 ], [ 72.850615, 19.0669472 ], [ 72.8507784, 19.0670285 ], [ 72.8506727, 19.0672183 ], [ 72.8506396, 19.0672018 ], [ 72.8504231, 19.0675903 ], [ 72.8504675, 19.0676124 ], [ 72.8504595, 19.0676268 ], [ 72.8505651, 19.0676794 ], [ 72.8505932, 19.067629 ], [ 72.8505208, 19.0675929 ], [ 72.8506902, 19.0672889 ], [ 72.8507113, 19.0672994 ], [ 72.850889, 19.0669806 ], [ 72.8503419, 19.0667082 ], [ 72.850191, 19.0669789 ], [ 72.8502218, 19.0669942 ], [ 72.8500342, 19.0673307 ], [ 72.8500035, 19.0673154 ], [ 72.8499667, 19.0673815 ] ] ] } },
{ "type": "Feature", "properties": { "element": "way", "id": 353193238, "building:levels": null }, "geometry": { "type": "Polygon", "coordinates": [ [ [ 72.8476032, 19.0689071 ], [ 72.8476331, 19.0689066 ], [ 72.8476347, 19.0689845 ], [ 72.8479615, 19.0689784 ], [ 72.8479583, 19.0688272 ], [ 72.8477892, 19.0688303 ], [ 72.8477856, 19.068659 ], [ 72.847598, 19.0686626 ], [ 72.8476032, 19.0689071 ] ] ] } },
{ "type": "Feature", "properties": { "element": "way", "id": 353198417, "building:levels": null }, "geometry": { "type": "Polygon", "coordinates": [ [ [ 72.8596659, 19.0657105 ], [ 72.8597828, 19.0657908 ], [ 72.859872, 19.0656754 ], [ 72.85984, 19.0656438 ], [ 72.8599542, 19.065496 ], [ 72.8598992, 19.0654531 ], [ 72.8598837, 19.0653035 ], [ 72.8599193, 19.0652583 ], [ 72.8596801, 19.0650606 ], [ 72.8595316, 19.0652628 ], [ 72.8595361, 19.0653294 ], [ 72.8595783, 19.0653624 ], [ 72.8596483, 19.0653592 ], [ 72.8596694, 19.0654864 ], [ 72.859594, 19.0655005 ], [ 72.8595634, 19.0655359 ], [ 72.8595742, 19.0656072 ], [ 72.8596653, 19.0656746 ], [ 72.8596659, 19.0657105 ] ] ] } },
{ "type": "Feature", "properties": { "element": "way", "id": 353198418, "building:levels": null }, "geometry": { "type": "Polygon", "coordinates": [ [ [ 72.8472919, 19.0679426 ], [ 72.8474443, 19.0679387 ], [ 72.8474366, 19.0676671 ], [ 72.8472842, 19.0676709 ], [ 72.8472919, 19.0679426 ] ] ] } },
{ "type": "Feature", "properties": { "element": "way", "id": 353198419, "building:levels": null }, "geometry": { "type": "Polygon", "coordinates": [ [ [ 72.8484667, 19.0681571 ], [ 72.8486105, 19.0682145 ], [ 72.8486667, 19.0680889 ], [ 72.8485241, 19.0680319 ], [ 72.8485784, 19.0679105 ], [ 72.8484253, 19.0678494 ], [ 72.8483676, 19.0679784 ], [ 72.8485195, 19.068039 ], [ 72.8484667, 19.0681571 ] ] ] } },
{ "type": "Feature", "properties": { "element": "way", "id": 353198420, "building:levels": null }, "geometry": { "type": "Polygon", "coordinates": [ [ [ 72.8499273, 19.06774 ], [ 72.8499983, 19.0677751 ], [ 72.8501363, 19.0675251 ], [ 72.8500653, 19.0674901 ], [ 72.8499273, 19.06774 ] ] ] } },
{ "type": "Feature", "properties": { "element": "way", "id": 353198421, "building:levels": null }, "geometry": { "type": "Polygon", "coordinates": [ [ [ 72.8500904, 19.0678146 ], [ 72.850172, 19.0678573 ], [ 72.8503134, 19.0676164 ], [ 72.8502318, 19.0675737 ], [ 72.8500904, 19.0678146 ] ] ] } },
{ "type": "Feature", "properties": { "element": "way", "id": 353198422, "building:levels": null }, "geometry": { "type": "Polygon", "coordinates": [ [ [ 72.84769, 19.0693618 ], [ 72.8479577, 19.0693518 ], [ 72.8479532, 19.069243 ], [ 72.8476855, 19.069253 ], [ 72.84769, 19.0693618 ] ] ] } },
{ "type": "Feature", "properties": { "element": "way", "id": 353198425, "building:levels": null }, "geometry": { "type": "Polygon", "coordinates": [ [ [ 72.8502543, 19.0679039 ], [ 72.8503326, 19.0679463 ], [ 72.8504774, 19.0677073 ], [ 72.8503991, 19.0676649 ], [ 72.8502543, 19.0679039 ] ] ] } },
{ "type": "Feature", "properties": { "element": "way", "id": 353198426, "building:levels": null }, "geometry": { "type": "Polygon", "coordinates": [ [ [ 72.8477063, 19.0695535 ], [ 72.8479347, 19.0695507 ], [ 72.8479333, 19.0694483 ], [ 72.847705, 19.069451 ], [ 72.8477063, 19.0695535 ] ] ] } },
{ "type": "Feature", "properties": { "element": "way", "id": 353198429, "building:levels": null }, "geometry": { "type": "Polygon", "coordinates": [ [ [ 72.8495984, 19.0639698 ], [ 72.8497257, 19.0639733 ], [ 72.8497373, 19.0635935 ], [ 72.8496099, 19.0635901 ], [ 72.8495984, 19.0639698 ] ] ] } },
{ "type": "Feature", "properties": { "element": "way", "id": 353198431, "building:levels": null }, "geometry": { "type": "Polygon", "coordinates": [ [ [ 72.8564145, 19.0663019 ], [ 72.8565776, 19.0662207 ], [ 72.8564863, 19.066057 ], [ 72.8565836, 19.0660085 ], [ 72.8564807, 19.065824 ], [ 72.8563155, 19.0659063 ], [ 72.8564358, 19.0661222 ], [ 72.8563407, 19.0661695 ], [ 72.8564145, 19.0663019 ] ] ] } },
{ "type": "Feature", "properties": { "element": "way", "id": 353198432, "building:levels": null }, "geometry": { "type": "Polygon", "coordinates": [ [ [ 72.8616571, 19.0689065 ], [ 72.8617548, 19.068911 ], [ 72.8617544, 19.0689553 ], [ 72.8619003, 19.0689598 ], [ 72.8619449, 19.0688738 ], [ 72.8619054, 19.0686495 ], [ 72.8617869, 19.0685651 ], [ 72.861665, 19.0688191 ], [ 72.8616571, 19.0689065 ] ] ] } },
{ "type": "Feature", "properties": { "element": "way", "id": 353204313, "building:levels": null }, "geometry": { "type": "Polygon", "coordinates": [ [ [ 72.8637179, 19.0613849 ], [ 72.8638009, 19.0615557 ], [ 72.8639298, 19.0616429 ], [ 72.8640557, 19.061646 ], [ 72.8643121, 19.0615758 ], [ 72.8641929, 19.061236 ], [ 72.8641391, 19.0612288 ], [ 72.8640757, 19.0612487 ], [ 72.8641047, 19.0613012 ], [ 72.8640172, 19.0612858 ], [ 72.8639634, 19.0613049 ], [ 72.8639046, 19.0611934 ], [ 72.8638404, 19.0610995 ], [ 72.8636346, 19.0611795 ], [ 72.8637179, 19.0613849 ] ] ] } },
{ "type": "Feature", "properties": { "element": "way", "id": 353204529, "building:levels": null }, "geometry": { "type": "Polygon", "coordinates": [ [ [ 72.8639277, 19.0621599 ], [ 72.8645381, 19.0623026 ], [ 72.8642825, 19.061671 ], [ 72.8640402, 19.0618407 ], [ 72.8638902, 19.0618805 ], [ 72.8638584, 19.0619967 ], [ 72.8639277, 19.0621599 ] ] ] } },
{ "type": "Feature", "properties": { "element": "way", "id": 353355216, "building:levels": null }, "geometry": { "type": "Polygon", "coordinates": [ [ [ 72.8637659, 19.0602315 ], [ 72.8641058, 19.0602367 ], [ 72.8641534, 19.0602251 ], [ 72.864184, 19.0601718 ], [ 72.8641649, 19.0601178 ], [ 72.8641082, 19.0600951 ], [ 72.8637683, 19.06009 ], [ 72.863734, 19.0601268 ], [ 72.8637129, 19.0601609 ], [ 72.8637211, 19.0602155 ], [ 72.8637659, 19.0602315 ] ] ] } },
{ "type": "Feature", "properties": { "element": "way", "id": 353355255, "building:levels": null }, "geometry": { "type": "Polygon", "coordinates": [ [ [ 72.8640764, 19.0597289 ], [ 72.8641982, 19.0597423 ], [ 72.8642779, 19.0597132 ], [ 72.8643058, 19.0593071 ], [ 72.8641734, 19.0592049 ], [ 72.8640761, 19.0590369 ], [ 72.8636452, 19.0590006 ], [ 72.8636411, 19.0590449 ], [ 72.8637756, 19.0590562 ], [ 72.8638096, 19.059204 ], [ 72.863781, 19.0592515 ], [ 72.8637715, 19.0593714 ], [ 72.8638379, 19.0593761 ], [ 72.86384, 19.0593486 ], [ 72.8639755, 19.0593582 ], [ 72.8639877, 19.0594237 ], [ 72.864019, 19.0594751 ], [ 72.8640722, 19.0595196 ], [ 72.8641068, 19.0594827 ], [ 72.8640764, 19.0597289 ] ] ] } },
{ "type": "Feature", "properties": { "element": "way", "id": 353355311, "building:levels": null }, "geometry": { "type": "Polygon", "coordinates": [ [ [ 72.8635243, 19.0692853 ], [ 72.8636531, 19.0697086 ], [ 72.8637273, 19.0696885 ], [ 72.8635985, 19.0692651 ], [ 72.8635243, 19.0692853 ] ] ] } },
{ "type": "Feature", "properties": { "element": "way", "id": 354025006, "building:levels": null }, "geometry": { "type": "Polygon", "coordinates": [ [ [ 72.863452, 19.0631563 ], [ 72.863634, 19.0633363 ], [ 72.8636653, 19.0633774 ], [ 72.8638407, 19.0635731 ], [ 72.8640389, 19.0634058 ], [ 72.86398, 19.0633468 ], [ 72.864361, 19.0630069 ], [ 72.8644047, 19.0630507 ], [ 72.8646316, 19.0628484 ], [ 72.8645061, 19.0627227 ], [ 72.8645292, 19.0626867 ], [ 72.8645304, 19.0626491 ], [ 72.8645167, 19.0626149 ], [ 72.8644721, 19.0625911 ], [ 72.8644292, 19.0626008 ], [ 72.8644043, 19.0625701 ], [ 72.8643401, 19.0626097 ], [ 72.8643109, 19.0625744 ], [ 72.8642087, 19.0626641 ], [ 72.8641554, 19.0626128 ], [ 72.8640893, 19.0626355 ], [ 72.8640281, 19.0626838 ], [ 72.8638339, 19.062812 ], [ 72.8637969, 19.0628783 ], [ 72.863452, 19.0631563 ] ] ] } },
{ "type": "Feature", "properties": { "element": "way", "id": 356258869, "building:levels": null }, "geometry": { "type": "Polygon", "coordinates": [ [ [ 72.8450866, 19.0574061 ], [ 72.8450741, 19.0575138 ], [ 72.8451188, 19.0575184 ], [ 72.8451108, 19.0575868 ], [ 72.8450661, 19.0575821 ], [ 72.845054, 19.0576863 ], [ 72.8451971, 19.0577011 ], [ 72.8452086, 19.0576023 ], [ 72.8451699, 19.0575983 ], [ 72.845179, 19.0575203 ], [ 72.8452177, 19.0575243 ], [ 72.8452297, 19.057421 ], [ 72.8450866, 19.0574061 ] ] ] } },
{ "type": "Feature", "properties": { "element": "way", "id": 356258871, "building:levels": null }, "geometry": { "type": "Polygon", "coordinates": [ [ [ 72.8517464, 19.0546368 ], [ 72.8515612, 19.0548131 ], [ 72.8518561, 19.0550899 ], [ 72.8518135, 19.0551305 ], [ 72.8519186, 19.0552242 ], [ 72.8519755, 19.0552241 ], [ 72.8520396, 19.0552216 ], [ 72.8521556, 19.0551098 ], [ 72.8520066, 19.0549699 ], [ 72.8519697, 19.055005 ], [ 72.8518224, 19.0548668 ], [ 72.8519064, 19.0547869 ], [ 72.8517464, 19.0546368 ] ] ] } },
{ "type": "Feature", "properties": { "element": "way", "id": 356258878, "building:levels": null }, "geometry": { "type": "Polygon", "coordinates": [ [ [ 72.8450931, 19.056972 ], [ 72.8450806, 19.0570796 ], [ 72.8451253, 19.0570843 ], [ 72.8451173, 19.0571526 ], [ 72.8450726, 19.057148 ], [ 72.8450605, 19.0572521 ], [ 72.8452036, 19.057267 ], [ 72.8452151, 19.0571681 ], [ 72.8451764, 19.0571641 ], [ 72.8451855, 19.0570861 ], [ 72.8452242, 19.0570901 ], [ 72.8452362, 19.0569869 ], [ 72.8450931, 19.056972 ] ] ] } },
{ "type": "Feature", "properties": { "element": "way", "id": 356258895, "building:levels": null }, "geometry": { "type": "Polygon", "coordinates": [ [ [ 72.8474743, 19.0610099 ], [ 72.8474743, 19.0612898 ], [ 72.847528, 19.0612898 ], [ 72.847528, 19.0612511 ], [ 72.8475579, 19.0612511 ], [ 72.8475579, 19.0612125 ], [ 72.8475253, 19.0612125 ], [ 72.8475253, 19.0611065 ], [ 72.8475579, 19.0611065 ], [ 72.8475579, 19.0610686 ], [ 72.847528, 19.0610686 ], [ 72.847528, 19.0610099 ], [ 72.8474743, 19.0610099 ] ] ] } },
{ "type": "Feature", "properties": { "element": "way", "id": 356258907, "building:levels": null }, "geometry": { "type": "Polygon", "coordinates": [ [ [ 72.8568517, 19.0656734 ], [ 72.8568028, 19.0658372 ], [ 72.8566586, 19.0658595 ], [ 72.8566727, 19.0659253 ], [ 72.8566827, 19.0659234 ], [ 72.8566945, 19.0659784 ], [ 72.8568124, 19.0659558 ], [ 72.8569074, 19.0661193 ], [ 72.8569596, 19.0660922 ], [ 72.8569461, 19.0660691 ], [ 72.8569905, 19.0660461 ], [ 72.8568964, 19.0658531 ], [ 72.8569523, 19.0657312 ], [ 72.8568517, 19.0656734 ] ] ] } },
{ "type": "Feature", "properties": { "element": "way", "id": 356258911, "building:levels": null }, "geometry": { "type": "Polygon", "coordinates": [ [ [ 72.8475073, 19.061377 ], [ 72.8475086, 19.0617934 ], [ 72.8475746, 19.0617932 ], [ 72.8475745, 19.0617587 ], [ 72.8475929, 19.0617587 ], [ 72.8475927, 19.0617156 ], [ 72.8475673, 19.0617157 ], [ 72.847567, 19.0616167 ], [ 72.8475924, 19.0616167 ], [ 72.8475923, 19.0615801 ], [ 72.8475734, 19.0615801 ], [ 72.8475731, 19.0614786 ], [ 72.847592, 19.0614785 ], [ 72.8475918, 19.0614329 ], [ 72.8475618, 19.061433 ], [ 72.8475616, 19.0613769 ], [ 72.8475073, 19.061377 ] ] ] } },
{ "type": "Feature", "properties": { "element": "way", "id": 356258915, "building:levels": null }, "geometry": { "type": "Polygon", "coordinates": [ [ [ 72.850748, 19.0607694 ], [ 72.8507453, 19.0609654 ], [ 72.8509049, 19.0609675 ], [ 72.8509031, 19.0610949 ], [ 72.8508219, 19.0610938 ], [ 72.8508193, 19.0612765 ], [ 72.8508952, 19.0612775 ], [ 72.8508939, 19.0613682 ], [ 72.8509763, 19.0613693 ], [ 72.8509754, 19.0614327 ], [ 72.8510177, 19.0614333 ], [ 72.8510181, 19.0614051 ], [ 72.8510536, 19.0614055 ], [ 72.8510543, 19.0613597 ], [ 72.8510808, 19.0613601 ], [ 72.8510863, 19.0609673 ], [ 72.851176, 19.0609684 ], [ 72.8511787, 19.0607749 ], [ 72.850748, 19.0607694 ] ] ] } },
{ "type": "Feature", "properties": { "element": "way", "id": 356258919, "building:levels": null }, "geometry": { "type": "Polygon", "coordinates": [ [ [ 72.847749, 19.0659471 ], [ 72.8485776, 19.0659553 ], [ 72.8485785, 19.0658754 ], [ 72.8480882, 19.0658705 ], [ 72.8480884, 19.0658523 ], [ 72.8478289, 19.0658498 ], [ 72.8478305, 19.065708 ], [ 72.8480842, 19.0657105 ], [ 72.8480844, 19.065696 ], [ 72.8485804, 19.0657009 ], [ 72.8485815, 19.0656038 ], [ 72.8480748, 19.0655988 ], [ 72.8480745, 19.065627 ], [ 72.8478516, 19.0656248 ], [ 72.8478535, 19.0654501 ], [ 72.8480846, 19.0654524 ], [ 72.8480843, 19.0654819 ], [ 72.8485828, 19.0654869 ], [ 72.848584, 19.0653775 ], [ 72.8477554, 19.0653693 ], [ 72.847749, 19.0659471 ] ] ] } },
{ "type": "Feature", "properties": { "element": "way", "id": 356258925, "building:levels": null }, "geometry": { "type": "Polygon", "coordinates": [ [ [ 72.8608651, 19.0598152 ], [ 72.8608126, 19.059848 ], [ 72.8608049, 19.0598907 ], [ 72.8607453, 19.0598902 ], [ 72.8608201, 19.0601048 ], [ 72.860852, 19.0603126 ], [ 72.8609524, 19.0603404 ], [ 72.8609586, 19.0602774 ], [ 72.8611451, 19.060294 ], [ 72.8611426, 19.060367 ], [ 72.861182, 19.0603691 ], [ 72.8611849, 19.0603509 ], [ 72.8612066, 19.0603526 ], [ 72.8612479, 19.0603169 ], [ 72.8612637, 19.0602755 ], [ 72.8612608, 19.060231 ], [ 72.8612395, 19.0601847 ], [ 72.8613013, 19.0601335 ], [ 72.8613172, 19.0600071 ], [ 72.8612608, 19.0599708 ], [ 72.8612889, 19.0599232 ], [ 72.8612802, 19.0598785 ], [ 72.8612467, 19.0598435 ], [ 72.8611869, 19.0598439 ], [ 72.8611812, 19.0599005 ], [ 72.8609839, 19.0598829 ], [ 72.8609896, 19.0598263 ], [ 72.8608651, 19.0598152 ] ] ] } },
{ "type": "Feature", "properties": { "element": "way", "id": 356258927, "building:levels": null }, "geometry": { "type": "Polygon", "coordinates": [ [ [ 72.8452577, 19.0610331 ], [ 72.8452005, 19.0610464 ], [ 72.8452093, 19.06108 ], [ 72.8451612, 19.0610912 ], [ 72.8451525, 19.0610576 ], [ 72.8451011, 19.0610695 ], [ 72.8451161, 19.0611269 ], [ 72.8451234, 19.0611252 ], [ 72.8451338, 19.0611649 ], [ 72.8451264, 19.0611666 ], [ 72.8451495, 19.061255 ], [ 72.8451586, 19.0612529 ], [ 72.8451656, 19.0612796 ], [ 72.8451554, 19.0612819 ], [ 72.8451589, 19.0612953 ], [ 72.8451739, 19.0612918 ], [ 72.8451814, 19.0613207 ], [ 72.8452082, 19.0613145 ], [ 72.845199, 19.0612791 ], [ 72.8452516, 19.0612668 ], [ 72.8452608, 19.0613022 ], [ 72.845324, 19.0612875 ], [ 72.8453047, 19.0612134 ], [ 72.8452908, 19.0612166 ], [ 72.8452842, 19.0611912 ], [ 72.8452981, 19.061188 ], [ 72.8452855, 19.0611398 ], [ 72.8452672, 19.0611441 ], [ 72.8452536, 19.0610921 ], [ 72.845272, 19.0610878 ], [ 72.8452577, 19.0610331 ] ] ] } },
{ "type": "Feature", "properties": { "element": "way", "id": 356258937, "building:levels": null }, "geometry": { "type": "Polygon", "coordinates": [ [ [ 72.847531, 19.0676693 ], [ 72.8475011, 19.0682051 ], [ 72.8475919, 19.0682096 ], [ 72.8476218, 19.0676738 ], [ 72.847531, 19.0676693 ] ] ] } },
{ "type": "Feature", "properties": { "element": "way", "id": 356258961, "building:levels": null }, "geometry": { "type": "Polygon", "coordinates": [ [ [ 72.8496007, 19.0628383 ], [ 72.8495993, 19.0630567 ], [ 72.8497459, 19.0630575 ], [ 72.8497473, 19.0628391 ], [ 72.8496007, 19.0628383 ] ] ] } },
{ "type": "Feature", "properties": { "element": "way", "id": 356258962, "building:levels": null }, "geometry": { "type": "Polygon", "coordinates": [ [ [ 72.847123, 19.0615993 ], [ 72.8474066, 19.0615929 ], [ 72.8474051, 19.0615324 ], [ 72.8471215, 19.0615388 ], [ 72.847123, 19.0615993 ] ] ] } },
{ "type": "Feature", "properties": { "element": "way", "id": 356258978, "building:levels": null }, "geometry": { "type": "Polygon", "coordinates": [ [ [ 72.8471182, 19.067922 ], [ 72.8472614, 19.0679166 ], [ 72.8472561, 19.0677923 ], [ 72.8471129, 19.0677978 ], [ 72.8471182, 19.067922 ] ] ] } },
{ "type": "Feature", "properties": { "element": "way", "id": 356258991, "building:levels": null }, "geometry": { "type": "Polygon", "coordinates": [ [ [ 72.8469929, 19.0633624 ], [ 72.8469901, 19.063516 ], [ 72.8470482, 19.063517 ], [ 72.8470511, 19.0633634 ], [ 72.8469929, 19.0633624 ] ] ] } },
{ "type": "Feature", "properties": { "element": "way", "id": 356259020, "building:levels": null }, "geometry": { "type": "Polygon", "coordinates": [ [ [ 72.8469421, 19.0613522 ], [ 72.8469517, 19.0617847 ], [ 72.8470226, 19.0617833 ], [ 72.847013, 19.0613508 ], [ 72.8469421, 19.0613522 ] ] ] } },
{ "type": "Feature", "properties": { "element": "way", "id": 356259029, "building:levels": null }, "geometry": { "type": "Polygon", "coordinates": [ [ [ 72.8471675, 19.0680008 ], [ 72.8471723, 19.0681452 ], [ 72.8474463, 19.0681371 ], [ 72.8474414, 19.0679927 ], [ 72.8471675, 19.0680008 ] ] ] } },
{ "type": "Feature", "properties": { "element": "way", "id": 356259079, "building:levels": null }, "geometry": { "type": "Polygon", "coordinates": [ [ [ 72.8469529, 19.0611628 ], [ 72.8469577, 19.0613263 ], [ 72.8470276, 19.0613245 ], [ 72.8470228, 19.061161 ], [ 72.8469529, 19.0611628 ] ] ] } },
{ "type": "Feature", "properties": { "element": "way", "id": 356259085, "building:levels": null }, "geometry": { "type": "Polygon", "coordinates": [ [ [ 72.8495942, 19.0625435 ], [ 72.8495991, 19.0628326 ], [ 72.849769, 19.06283 ], [ 72.8497641, 19.0625409 ], [ 72.8495942, 19.0625435 ] ] ] } },
{ "type": "Feature", "properties": { "element": "way", "id": 356259091, "building:levels": null }, "geometry": { "type": "Polygon", "coordinates": [ [ [ 72.8471144, 19.0616902 ], [ 72.8471174, 19.0617682 ], [ 72.8473567, 19.0617601 ], [ 72.8473537, 19.061682 ], [ 72.8471144, 19.0616902 ] ] ] } },
{ "type": "Feature", "properties": { "element": "way", "id": 356259106, "building:levels": null }, "geometry": { "type": "Polygon", "coordinates": [ [ [ 72.8470189, 19.0611299 ], [ 72.8470395, 19.0612004 ], [ 72.847265, 19.061168 ], [ 72.8474481, 19.0610423 ], [ 72.8474015, 19.0609908 ], [ 72.8472179, 19.0610953 ], [ 72.8470189, 19.0611299 ] ] ] } },
{ "type": "Feature", "properties": { "element": "way", "id": 356259108, "building:levels": null }, "geometry": { "type": "Polygon", "coordinates": [ [ [ 72.8519065, 19.0545328 ], [ 72.8520214, 19.0544197 ], [ 72.8518867, 19.0542974 ], [ 72.8518352, 19.0543482 ], [ 72.8519128, 19.0544186 ], [ 72.8518494, 19.0544809 ], [ 72.8519065, 19.0545328 ] ] ] } },
{ "type": "Feature", "properties": { "element": "way", "id": 356259110, "building:levels": null }, "geometry": { "type": "Polygon", "coordinates": [ [ [ 72.8456172, 19.0651302 ], [ 72.8457341, 19.0652716 ], [ 72.8457422, 19.0654797 ], [ 72.8458541, 19.0654558 ], [ 72.8458224, 19.0652253 ], [ 72.84571, 19.0650793 ], [ 72.8456172, 19.0651302 ] ] ] } },
{ "type": "Feature", "properties": { "element": "way", "id": 356259112, "building:levels": null }, "geometry": { "type": "Polygon", "coordinates": [ [ [ 72.8497537, 19.0629582 ], [ 72.8497522, 19.0630591 ], [ 72.8500695, 19.0630632 ], [ 72.8500465, 19.0631028 ], [ 72.8501186, 19.0631401 ], [ 72.8503519, 19.0627372 ], [ 72.8502798, 19.0626999 ], [ 72.8501275, 19.062963 ], [ 72.8497537, 19.0629582 ] ] ] } },
{ "type": "Feature", "properties": { "element": "way", "id": 357364446, "building:levels": null }, "geometry": { "type": "Polygon", "coordinates": [ [ [ 72.8501078, 19.0599209 ], [ 72.8501741, 19.0600108 ], [ 72.8502472, 19.0601262 ], [ 72.8503135, 19.060297 ], [ 72.8503981, 19.0603016 ], [ 72.8504436, 19.0602584 ], [ 72.8504337, 19.0601644 ], [ 72.8503078, 19.0599245 ], [ 72.8502081, 19.0598504 ], [ 72.8501078, 19.0599209 ] ] ] } },
{ "type": "Feature", "properties": { "element": "way", "id": 357364447, "building:levels": null }, "geometry": { "type": "Polygon", "coordinates": [ [ [ 72.8514012, 19.0585119 ], [ 72.8517044, 19.0587767 ], [ 72.8518913, 19.0585855 ], [ 72.8516019, 19.0583329 ], [ 72.851491, 19.0584465 ], [ 72.851477, 19.0584343 ], [ 72.8514012, 19.0585119 ] ] ] } },
{ "type": "Feature", "properties": { "element": "way", "id": 357364449, "building:levels": null }, "geometry": { "type": "Polygon", "coordinates": [ [ [ 72.8532197, 19.0616256 ], [ 72.8531636, 19.0617176 ], [ 72.8531911, 19.0617326 ], [ 72.8531736, 19.0617613 ], [ 72.853146, 19.0617463 ], [ 72.8531317, 19.0617697 ], [ 72.8531489, 19.0617791 ], [ 72.8531358, 19.0618006 ], [ 72.8531186, 19.0617912 ], [ 72.8530944, 19.0618309 ], [ 72.853192, 19.0618842 ], [ 72.853246, 19.0617958 ], [ 72.853313, 19.0618323 ], [ 72.8533843, 19.0617154 ], [ 72.8532197, 19.0616256 ] ] ] } },
{ "type": "Feature", "properties": { "element": "way", "id": 357364450, "building:levels": null }, "geometry": { "type": "Polygon", "coordinates": [ [ [ 72.8473081, 19.0628536 ], [ 72.8473106, 19.0629088 ], [ 72.8472897, 19.0629097 ], [ 72.8472924, 19.0629681 ], [ 72.8473039, 19.0629676 ], [ 72.847314, 19.0631894 ], [ 72.8473024, 19.0631899 ], [ 72.8473074, 19.0633006 ], [ 72.847379, 19.0632977 ], [ 72.847372, 19.0631438 ], [ 72.8473916, 19.063143 ], [ 72.8473838, 19.0629709 ], [ 72.8473762, 19.0629712 ], [ 72.8473708, 19.0628511 ], [ 72.8473081, 19.0628536 ] ] ] } },
{ "type": "Feature", "properties": { "element": "way", "id": 357364452, "building:levels": null }, "geometry": { "type": "Polygon", "coordinates": [ [ [ 72.8541086, 19.060277 ], [ 72.8541412, 19.0602967 ], [ 72.8541255, 19.0603199 ], [ 72.8542183, 19.0603761 ], [ 72.8542369, 19.0603487 ], [ 72.8542727, 19.0603704 ], [ 72.8543046, 19.0603233 ], [ 72.8542909, 19.060315 ], [ 72.8543136, 19.0602814 ], [ 72.8542956, 19.0602705 ], [ 72.8543215, 19.0602323 ], [ 72.8542194, 19.0601706 ], [ 72.8542057, 19.0601909 ], [ 72.8541782, 19.0601742 ], [ 72.8541086, 19.060277 ] ] ] } },
{ "type": "Feature", "properties": { "element": "way", "id": 357364453, "building:levels": null }, "geometry": { "type": "Polygon", "coordinates": [ [ [ 72.8597796, 19.069105 ], [ 72.859615, 19.0692497 ], [ 72.8595951, 19.0693515 ], [ 72.8596596, 19.0693657 ], [ 72.8596929, 19.0693376 ], [ 72.859733, 19.0693924 ], [ 72.8598177, 19.0693319 ], [ 72.8597567, 19.0692461 ], [ 72.8600424, 19.0692685 ], [ 72.8600179, 19.0693797 ], [ 72.8599482, 19.0693733 ], [ 72.859923, 19.0694876 ], [ 72.8597134, 19.0694685 ], [ 72.8597003, 19.0695957 ], [ 72.859994, 19.0696227 ], [ 72.8599985, 19.0695795 ], [ 72.8600941, 19.0695883 ], [ 72.8600996, 19.0695347 ], [ 72.860155, 19.0695398 ], [ 72.860161, 19.0694813 ], [ 72.8602224, 19.0694869 ], [ 72.8602279, 19.069433 ], [ 72.8602903, 19.0694387 ], [ 72.860298, 19.0693637 ], [ 72.8602118, 19.0693604 ], [ 72.8601333, 19.0692057 ], [ 72.860044, 19.0691143 ], [ 72.8597796, 19.069105 ] ] ] } },
{ "type": "Feature", "properties": { "element": "way", "id": 357364454, "building:levels": null }, "geometry": { "type": "Polygon", "coordinates": [ [ [ 72.8565712, 19.0675811 ], [ 72.8566101, 19.0676243 ], [ 72.8566405, 19.0676013 ], [ 72.8565711, 19.0675197 ], [ 72.8565398, 19.0675434 ], [ 72.8565023, 19.0675018 ], [ 72.8564181, 19.067566 ], [ 72.8564219, 19.0675751 ], [ 72.8564108, 19.0675819 ], [ 72.8563998, 19.0675687 ], [ 72.8563753, 19.0675837 ], [ 72.8563868, 19.0675969 ], [ 72.8563703, 19.0676065 ], [ 72.8564062, 19.0676486 ], [ 72.8563959, 19.0676569 ], [ 72.8564243, 19.0676878 ], [ 72.8564373, 19.0676782 ], [ 72.8564587, 19.0676949 ], [ 72.8565345, 19.0676331 ], [ 72.8565263, 19.0676202 ], [ 72.8565712, 19.0675811 ] ] ] } },
{ "type": "Feature", "properties": { "element": "way", "id": 357364455, "building:levels": null }, "geometry": { "type": "Polygon", "coordinates": [ [ [ 72.8474785, 19.0628424 ], [ 72.8474807, 19.0629844 ], [ 72.8474662, 19.0629846 ], [ 72.8474674, 19.0630553 ], [ 72.8474818, 19.0630551 ], [ 72.8474826, 19.0631007 ], [ 72.8474995, 19.0631004 ], [ 72.8474993, 19.0630876 ], [ 72.8475199, 19.0630873 ], [ 72.8475196, 19.063069 ], [ 72.847546, 19.0630686 ], [ 72.8475455, 19.0630409 ], [ 72.847535, 19.0630411 ], [ 72.8475343, 19.0629966 ], [ 72.8475448, 19.0629964 ], [ 72.8475441, 19.0629486 ], [ 72.8475681, 19.0629483 ], [ 72.8475675, 19.0629105 ], [ 72.8475528, 19.0629107 ], [ 72.8475517, 19.0628414 ], [ 72.8474785, 19.0628424 ] ] ] } },
{ "type": "Feature", "properties": { "element": "way", "id": 357364459, "building:levels": "6" }, "geometry": { "type": "Polygon", "coordinates": [ [ [ 72.8517408, 19.058306 ], [ 72.85186, 19.0581749 ], [ 72.8517921, 19.0581197 ], [ 72.8516728, 19.0582508 ], [ 72.8517408, 19.058306 ] ] ] } },
{ "type": "Feature", "properties": { "element": "way", "id": 357364461, "building:levels": null }, "geometry": { "type": "Polygon", "coordinates": [ [ [ 72.8526092, 19.0551415 ], [ 72.8526643, 19.0551925 ], [ 72.8527289, 19.0551302 ], [ 72.8526737, 19.0550791 ], [ 72.8526092, 19.0551415 ] ] ] } },
{ "type": "Feature", "properties": { "element": "way", "id": 357364462, "building:levels": null }, "geometry": { "type": "Polygon", "coordinates": [ [ [ 72.8517838, 19.0582699 ], [ 72.8520204, 19.0584743 ], [ 72.8520985, 19.0583934 ], [ 72.851862, 19.0581891 ], [ 72.8517838, 19.0582699 ] ] ] } },
{ "type": "Feature", "properties": { "element": "way", "id": 357364476, "building:levels": null }, "geometry": { "type": "Polygon", "coordinates": [ [ [ 72.8482272, 19.0545953 ], [ 72.8483352, 19.0546865 ], [ 72.8483919, 19.0546266 ], [ 72.8482839, 19.0545353 ], [ 72.8482272, 19.0545953 ] ] ] } },
{ "type": "Feature", "properties": { "element": "way", "id": 357364477, "building:levels": null }, "geometry": { "type": "Polygon", "coordinates": [ [ [ 72.8544676, 19.0603406 ], [ 72.8545302, 19.0602862 ], [ 72.8545488, 19.0601684 ], [ 72.854423, 19.0601127 ], [ 72.8543187, 19.060225 ], [ 72.8544676, 19.0603406 ] ] ] } },
{ "type": "Feature", "properties": { "element": "way", "id": 357364478, "building:levels": null }, "geometry": { "type": "Polygon", "coordinates": [ [ [ 72.8477095, 19.0543751 ], [ 72.8477564, 19.0544185 ], [ 72.8478029, 19.0543736 ], [ 72.8478303, 19.054399 ], [ 72.8479223, 19.0543103 ], [ 72.847848, 19.0542415 ], [ 72.8477095, 19.0543751 ] ] ] } },
{ "type": "Feature", "properties": { "element": "way", "id": 357364481, "building:levels": null }, "geometry": { "type": "Polygon", "coordinates": [ [ [ 72.8566326, 19.0687178 ], [ 72.8566775, 19.0687694 ], [ 72.856659, 19.0687838 ], [ 72.856697, 19.0688275 ], [ 72.8567155, 19.0688131 ], [ 72.8567518, 19.068855 ], [ 72.8568422, 19.0687848 ], [ 72.856723, 19.0686476 ], [ 72.8566326, 19.0687178 ] ] ] } },
{ "type": "Feature", "properties": { "element": "way", "id": 357364482, "building:levels": null }, "geometry": { "type": "Polygon", "coordinates": [ [ [ 72.8587999, 19.0700376 ], [ 72.8588503, 19.0694216 ], [ 72.8585816, 19.069402 ], [ 72.8585705, 19.0695372 ], [ 72.8583173, 19.0695187 ], [ 72.8582974, 19.0697616 ], [ 72.8585094, 19.0697771 ], [ 72.85849, 19.0700149 ], [ 72.8587999, 19.0700376 ] ] ] } },
{ "type": "Feature", "properties": { "element": "way", "id": 357364484, "building:levels": null }, "geometry": { "type": "Polygon", "coordinates": [ [ [ 72.8519126, 19.0575456 ], [ 72.8522062, 19.0572294 ], [ 72.8521171, 19.0571555 ], [ 72.8518235, 19.0574717 ], [ 72.8519126, 19.0575456 ] ] ] } },
{ "type": "Feature", "properties": { "element": "way", "id": 357364485, "building:levels": null }, "geometry": { "type": "Polygon", "coordinates": [ [ [ 72.8478344, 19.0567595 ], [ 72.847946, 19.0567576 ], [ 72.8479447, 19.0566898 ], [ 72.8480512, 19.056688 ], [ 72.8480443, 19.0563222 ], [ 72.8479467, 19.0563239 ], [ 72.847946, 19.0562875 ], [ 72.8478257, 19.0562895 ], [ 72.8478272, 19.0563699 ], [ 72.8478344, 19.0567595 ] ] ] } },
{ "type": "Feature", "properties": { "element": "way", "id": 357403001, "building:levels": "6" }, "geometry": { "type": "Polygon", "coordinates": [ [ [ 72.8623544, 19.0693537 ], [ 72.8623362, 19.069505 ], [ 72.8623611, 19.0695077 ], [ 72.8623501, 19.0695985 ], [ 72.8624594, 19.0696102 ], [ 72.8624636, 19.0695756 ], [ 72.862581, 19.0695882 ], [ 72.8625775, 19.0696172 ], [ 72.8626667, 19.0696268 ], [ 72.8626856, 19.0694694 ], [ 72.8626317, 19.0694636 ], [ 72.8626412, 19.0693845 ], [ 72.8623544, 19.0693537 ] ] ] } },
{ "type": "Feature", "properties": { "element": "way", "id": 357403008, "building:levels": null }, "geometry": { "type": "Polygon", "coordinates": [ [ [ 72.8618372, 19.0612977 ], [ 72.861822, 19.0614715 ], [ 72.8619237, 19.0614472 ], [ 72.8620243, 19.0614061 ], [ 72.8621154, 19.0613508 ], [ 72.8622024, 19.0612789 ], [ 72.8622744, 19.0611761 ], [ 72.8623253, 19.0610609 ], [ 72.8621352, 19.0610542 ], [ 72.8621111, 19.0610738 ], [ 72.8621279, 19.0610922 ], [ 72.8618879, 19.0612883 ], [ 72.8618711, 19.06127 ], [ 72.8618372, 19.0612977 ] ] ] } },
{ "type": "Feature", "properties": { "element": "way", "id": 357403009, "building:levels": null }, "geometry": { "type": "Polygon", "coordinates": [ [ [ 72.8496107, 19.05972 ], [ 72.8495992, 19.0598129 ], [ 72.8497459, 19.0598292 ], [ 72.8497216, 19.060024 ], [ 72.8498341, 19.0600365 ], [ 72.8498563, 19.0598582 ], [ 72.8500384, 19.0598785 ], [ 72.850052, 19.059769 ], [ 72.8498579, 19.0597475 ], [ 72.8498532, 19.0597853 ], [ 72.8498732, 19.0597876 ], [ 72.8498669, 19.059838 ], [ 72.8497496, 19.059825 ], [ 72.8497606, 19.0597366 ], [ 72.8496107, 19.05972 ] ] ] } },
{ "type": "Feature", "properties": { "element": "way", "id": 357403010, "building:levels": "8" }, "geometry": { "type": "Polygon", "coordinates": [ [ [ 72.8613676, 19.0691255 ], [ 72.8613259, 19.069461 ], [ 72.8614258, 19.0694723 ], [ 72.8614186, 19.0695297 ], [ 72.861715, 19.0695626 ], [ 72.8617091, 19.0696103 ], [ 72.8618871, 19.0696061 ], [ 72.8618951, 19.0695607 ], [ 72.8622397, 19.0695991 ], [ 72.8622451, 19.0695554 ], [ 72.8622795, 19.0695592 ], [ 72.8623077, 19.0693336 ], [ 72.8622732, 19.0693298 ], [ 72.8622858, 19.0692276 ], [ 72.8613676, 19.0691255 ] ] ] } },
{ "type": "Feature", "properties": { "element": "way", "id": 357403011, "building:levels": null }, "geometry": { "type": "Polygon", "coordinates": [ [ [ 72.8604921, 19.0650863 ], [ 72.8605546, 19.0656568 ], [ 72.8607415, 19.0656481 ], [ 72.8608594, 19.065525 ], [ 72.8609286, 19.0654868 ], [ 72.8609594, 19.0653996 ], [ 72.861092, 19.0652088 ], [ 72.861242, 19.0652034 ], [ 72.8612189, 19.0651161 ], [ 72.8611574, 19.0650544 ], [ 72.8610862, 19.0650126 ], [ 72.8609788, 19.0649995 ], [ 72.8609978, 19.0651252 ], [ 72.8606191, 19.0651616 ], [ 72.860596, 19.0650762 ], [ 72.8604921, 19.0650863 ] ] ] } },
{ "type": "Feature", "properties": { "element": "way", "id": 357403017, "building:levels": "8" }, "geometry": { "type": "Polygon", "coordinates": [ [ [ 72.8621043, 19.0684594 ], [ 72.8620869, 19.0685063 ], [ 72.8620914, 19.0685448 ], [ 72.8621106, 19.0686447 ], [ 72.8621116, 19.0686611 ], [ 72.862127, 19.0687283 ], [ 72.8621645, 19.068831 ], [ 72.8622068, 19.0689391 ], [ 72.8622894, 19.0690372 ], [ 72.8623846, 19.0691063 ], [ 72.8624903, 19.0691499 ], [ 72.862598, 19.0691699 ], [ 72.8627105, 19.069178 ], [ 72.8627108, 19.0691305 ], [ 72.8628277, 19.0691044 ], [ 72.8628934, 19.0690406 ], [ 72.8629023, 19.0689744 ], [ 72.8626749, 19.0687556 ], [ 72.8624073, 19.0685683 ], [ 72.8623823, 19.0686191 ], [ 72.8621043, 19.0684594 ] ] ] } },
{ "type": "Feature", "properties": { "element": "way", "id": 357403020, "building:levels": null }, "geometry": { "type": "Polygon", "coordinates": [ [ [ 72.8618787, 19.0645235 ], [ 72.8618783, 19.0646015 ], [ 72.8619283, 19.0646624 ], [ 72.8620106, 19.0646649 ], [ 72.8621301, 19.0645472 ], [ 72.8622054, 19.0645515 ], [ 72.8623194, 19.0646677 ], [ 72.8624209, 19.0646755 ], [ 72.8624604, 19.0646454 ], [ 72.862451, 19.0645381 ], [ 72.8627175, 19.0643061 ], [ 72.8628091, 19.0643241 ], [ 72.8628492, 19.0642906 ], [ 72.8628417, 19.0641981 ], [ 72.862728, 19.064076 ], [ 72.8627194, 19.0640009 ], [ 72.8628549, 19.0639046 ], [ 72.8628578, 19.0638219 ], [ 72.8627276, 19.0637737 ], [ 72.8625454, 19.0639037 ], [ 72.8625406, 19.0639455 ], [ 72.8624781, 19.06394 ], [ 72.8624666, 19.0639682 ], [ 72.8625223, 19.0639809 ], [ 72.8625223, 19.0641254 ], [ 72.8624647, 19.0641227 ], [ 72.862455, 19.0641554 ], [ 72.8625214, 19.0641681 ], [ 72.86253, 19.0642335 ], [ 72.8623878, 19.0643616 ], [ 72.8623195, 19.0642817 ], [ 72.862283, 19.0642917 ], [ 72.862283, 19.0643298 ], [ 72.862134, 19.0643289 ], [ 72.8621301, 19.0642798 ], [ 72.8620946, 19.0642871 ], [ 72.8620965, 19.064358 ], [ 72.8620369, 19.0643534 ], [ 72.8618787, 19.0645235 ] ] ] } },
{ "type": "Feature", "properties": { "element": "way", "id": 357403029, "building:levels": null }, "geometry": { "type": "Polygon", "coordinates": [ [ [ 72.84943, 19.0596359 ], [ 72.8494312, 19.0599951 ], [ 72.8494924, 19.0600391 ], [ 72.8494905, 19.0599583 ], [ 72.8495223, 19.0599576 ], [ 72.8495146, 19.0596315 ], [ 72.84943, 19.0596359 ] ] ] } },
{ "type": "Feature", "properties": { "element": "way", "id": 357403030, "building:levels": null }, "geometry": { "type": "Polygon", "coordinates": [ [ [ 72.8584937, 19.0627415 ], [ 72.8585825, 19.0627911 ], [ 72.8586967, 19.0626087 ], [ 72.8586079, 19.0625591 ], [ 72.8584937, 19.0627415 ] ] ] } },
{ "type": "Feature", "properties": { "element": "way", "id": 357403033, "building:levels": null }, "geometry": { "type": "Polygon", "coordinates": [ [ [ 72.8578614, 19.0623231 ], [ 72.8584487, 19.0626533 ], [ 72.8584977, 19.0625755 ], [ 72.8579104, 19.0622453 ], [ 72.8578614, 19.0623231 ] ] ] } },
{ "type": "Feature", "properties": { "element": "way", "id": 357403036, "building:levels": null }, "geometry": { "type": "Polygon", "coordinates": [ [ [ 72.8579321, 19.0622019 ], [ 72.8584956, 19.062515 ], [ 72.8585288, 19.0624539 ], [ 72.857976, 19.0621328 ], [ 72.8579321, 19.0622019 ] ] ] } },
{ "type": "Feature", "properties": { "element": "way", "id": 357403058, "building:levels": null }, "geometry": { "type": "Polygon", "coordinates": [ [ [ 72.8469572, 19.0608983 ], [ 72.8470596, 19.0608511 ], [ 72.8470309, 19.0607955 ], [ 72.8469285, 19.0608427 ], [ 72.8469572, 19.0608983 ] ] ] } },
{ "type": "Feature", "properties": { "element": "way", "id": 357403069, "building:levels": null }, "geometry": { "type": "Polygon", "coordinates": [ [ [ 72.8586184, 19.0628074 ], [ 72.8587047, 19.0628542 ], [ 72.8588097, 19.0626676 ], [ 72.8587321, 19.0626218 ], [ 72.8586184, 19.0628074 ] ] ] } },
{ "type": "Feature", "properties": { "element": "way", "id": 357403075, "building:levels": null }, "geometry": { "type": "Polygon", "coordinates": [ [ [ 72.848062, 19.0682027 ], [ 72.848123, 19.0681988 ], [ 72.8481107, 19.0680273 ], [ 72.8480498, 19.0680311 ], [ 72.848062, 19.0682027 ] ] ] } },
{ "type": "Feature", "properties": { "element": "way", "id": 357403082, "building:levels": null }, "geometry": { "type": "Polygon", "coordinates": [ [ [ 72.8469673, 19.060415 ], [ 72.8470802, 19.0604143 ], [ 72.8470795, 19.060323 ], [ 72.8469666, 19.0603238 ], [ 72.8469673, 19.060415 ] ] ] } },
{ "type": "Feature", "properties": { "element": "way", "id": 357403084, "building:levels": null }, "geometry": { "type": "Polygon", "coordinates": [ [ [ 72.861595, 19.0655256 ], [ 72.8616873, 19.0654129 ], [ 72.861503, 19.065278 ], [ 72.8614107, 19.0653907 ], [ 72.861595, 19.0655256 ] ] ] } },
{ "type": "Feature", "properties": { "element": "way", "id": 357403088, "building:levels": "4" }, "geometry": { "type": "Polygon", "coordinates": [ [ [ 72.8482686, 19.0681645 ], [ 72.8482782, 19.0684498 ], [ 72.8483803, 19.0684467 ], [ 72.8483707, 19.0681614 ], [ 72.8482686, 19.0681645 ] ] ] } },
{ "type": "Feature", "properties": { "element": "way", "id": 358331952, "building:levels": null }, "geometry": { "type": "Polygon", "coordinates": [ [ [ 72.8495077, 19.0664112 ], [ 72.8494397, 19.0663684 ], [ 72.8494139, 19.0664002 ], [ 72.8492327, 19.0663061 ], [ 72.8491643, 19.066429 ], [ 72.849303, 19.0664898 ], [ 72.8492454, 19.0665987 ], [ 72.8493195, 19.0666451 ], [ 72.8493914, 19.0665424 ], [ 72.8494239, 19.0665586 ], [ 72.8495077, 19.0664112 ] ] ] } },
{ "type": "Feature", "properties": { "element": "way", "id": 358331954, "building:levels": null }, "geometry": { "type": "Polygon", "coordinates": [ [ [ 72.8454388, 19.0602786 ], [ 72.8455047, 19.0603384 ], [ 72.8454674, 19.0603743 ], [ 72.8455441, 19.0604456 ], [ 72.8456258, 19.060367 ], [ 72.8455624, 19.0603081 ], [ 72.845643, 19.0602286 ], [ 72.8457079, 19.0602786 ], [ 72.8457684, 19.0602086 ], [ 72.8457156, 19.0601679 ], [ 72.8457009, 19.0601849 ], [ 72.8456028, 19.0601094 ], [ 72.8454388, 19.0602786 ] ] ] } },
{ "type": "Feature", "properties": { "element": "way", "id": 358331957, "building:levels": null }, "geometry": { "type": "Polygon", "coordinates": [ [ [ 72.8458606, 19.061921 ], [ 72.84583, 19.0618913 ], [ 72.8457647, 19.0618951 ], [ 72.8457445, 19.0619325 ], [ 72.8457678, 19.0619574 ], [ 72.8457732, 19.0620679 ], [ 72.8457453, 19.0621017 ], [ 72.8457814, 19.0621283 ], [ 72.845848, 19.0621206 ], [ 72.8458743, 19.0620948 ], [ 72.8458454, 19.0620684 ], [ 72.8458398, 19.0619536 ], [ 72.8458606, 19.061921 ] ] ] } },
{ "type": "Feature", "properties": { "element": "way", "id": 358331959, "building:levels": null }, "geometry": { "type": "Polygon", "coordinates": [ [ [ 72.8483656, 19.0672523 ], [ 72.8483455, 19.0672744 ], [ 72.8483085, 19.0673152 ], [ 72.8484682, 19.0674447 ], [ 72.8485253, 19.0673818 ], [ 72.8483656, 19.0672523 ] ] ] } },
{ "type": "Feature", "properties": { "element": "way", "id": 358331972, "building:levels": null }, "geometry": { "type": "Polygon", "coordinates": [ [ [ 72.8562054, 19.0640565 ], [ 72.8563743, 19.0640702 ], [ 72.856398, 19.06381 ], [ 72.8562291, 19.0637963 ], [ 72.8562054, 19.0640565 ] ] ] } },
{ "type": "Feature", "properties": { "element": "way", "id": 358331976, "building:levels": null }, "geometry": { "type": "Polygon", "coordinates": [ [ [ 72.8542353, 19.0598686 ], [ 72.854316, 19.0598603 ], [ 72.8542802, 19.0595474 ], [ 72.8541917, 19.0595565 ], [ 72.8542046, 19.0596692 ], [ 72.8541016, 19.0596797 ], [ 72.854112, 19.0597708 ], [ 72.8542228, 19.0597596 ], [ 72.8542353, 19.0598686 ] ] ] } },
{ "type": "Feature", "properties": { "element": "way", "id": 358331977, "building:levels": null }, "geometry": { "type": "Polygon", "coordinates": [ [ [ 72.8486218, 19.0591892 ], [ 72.8487993, 19.0591882 ], [ 72.8487981, 19.0588999 ], [ 72.8487625, 19.0588988 ], [ 72.8487582, 19.0588207 ], [ 72.848657, 19.0588257 ], [ 72.8486011, 19.0588672 ], [ 72.8486011, 19.0589364 ], [ 72.8486211, 19.0589364 ], [ 72.8486218, 19.0591892 ] ] ] } },
{ "type": "Feature", "properties": { "element": "way", "id": 359470181, "building:levels": null }, "geometry": { "type": "Polygon", "coordinates": [ [ [ 72.8446289, 19.0532996 ], [ 72.8448419, 19.0534942 ], [ 72.8448806, 19.0534563 ], [ 72.8449488, 19.0535186 ], [ 72.8449101, 19.0535564 ], [ 72.8450267, 19.0536629 ], [ 72.8449905, 19.0536983 ], [ 72.8450141, 19.0537199 ], [ 72.8449288, 19.0538033 ], [ 72.8447785, 19.0536661 ], [ 72.8445936, 19.0538469 ], [ 72.8449018, 19.0541283 ], [ 72.845347, 19.0536928 ], [ 72.8449804, 19.0533581 ], [ 72.8450252, 19.0533142 ], [ 72.8448125, 19.05312 ], [ 72.8446289, 19.0532996 ] ] ] } },
{ "type": "Feature", "properties": { "element": "way", "id": 359470217, "building:levels": null }, "geometry": { "type": "Polygon", "coordinates": [ [ [ 72.8459171, 19.0655671 ], [ 72.8459841, 19.0655615 ], [ 72.8459597, 19.065302 ], [ 72.8458927, 19.0653076 ], [ 72.8459171, 19.0655671 ] ] ] } },
{ "type": "Feature", "properties": { "element": "way", "id": 359470218, "building:levels": null }, "geometry": { "type": "Polygon", "coordinates": [ [ [ 72.8460324, 19.0642832 ], [ 72.846224, 19.0642973 ], [ 72.8462384, 19.0641229 ], [ 72.8460468, 19.0641088 ], [ 72.8460324, 19.0642832 ] ] ] } },
{ "type": "Feature", "properties": { "element": "way", "id": 359471022, "building:levels": null }, "geometry": { "type": "Polygon", "coordinates": [ [ [ 72.8494102, 19.0684171 ], [ 72.8498734, 19.0686574 ], [ 72.8502505, 19.0680082 ], [ 72.8501505, 19.0679563 ], [ 72.849948, 19.0683048 ], [ 72.8499346, 19.0682979 ], [ 72.8499135, 19.0683343 ], [ 72.8499652, 19.0683611 ], [ 72.8498547, 19.0685514 ], [ 72.8496858, 19.0684637 ], [ 72.8497968, 19.0682726 ], [ 72.8498447, 19.0682974 ], [ 72.8498628, 19.0682663 ], [ 72.8498284, 19.0682485 ], [ 72.8500334, 19.0678956 ], [ 72.8499556, 19.0678552 ], [ 72.8497388, 19.0682284 ], [ 72.8497114, 19.0682142 ], [ 72.8495972, 19.0684108 ], [ 72.849473, 19.0683464 ], [ 72.849576, 19.068169 ], [ 72.8496094, 19.0681863 ], [ 72.8496405, 19.0681327 ], [ 72.8496186, 19.0681214 ], [ 72.8498155, 19.0677825 ], [ 72.8497315, 19.0677389 ], [ 72.8495187, 19.0681052 ], [ 72.8494947, 19.0680927 ], [ 72.8493706, 19.0683064 ], [ 72.8494102, 19.0684171 ] ] ] } },
{ "type": "Feature", "properties": { "element": "way", "id": 359815481, "building:levels": null }, "geometry": { "type": "Polygon", "coordinates": [ [ [ 72.8627825, 19.0695813 ], [ 72.862892, 19.0695556 ], [ 72.8628485, 19.0693899 ], [ 72.862739, 19.0694155 ], [ 72.8627825, 19.0695813 ] ] ] } },
{ "type": "Feature", "properties": { "element": "way", "id": 380707197, "building:levels": null }, "geometry": { "type": "Polygon", "coordinates": [ [ [ 72.8489012, 19.0640048 ], [ 72.8492417, 19.0639991 ], [ 72.8492449, 19.0641752 ], [ 72.8489045, 19.0641809 ], [ 72.8489012, 19.0640048 ] ] ] } },
{ "type": "Feature", "properties": { "element": "way", "id": 380708161, "building:levels": null }, "geometry": { "type": "Polygon", "coordinates": [ [ [ 72.8499947, 19.0607036 ], [ 72.8503982, 19.0607035 ], [ 72.8503983, 19.060872 ], [ 72.8503086, 19.060872 ], [ 72.8503086, 19.0608302 ], [ 72.8501888, 19.0608302 ], [ 72.8501888, 19.0608772 ], [ 72.8499948, 19.0608772 ], [ 72.8499947, 19.0607036 ] ] ] } },
{ "type": "Feature", "properties": { "element": "way", "id": 380712466, "building:levels": null }, "geometry": { "type": "Polygon", "coordinates": [ [ [ 72.8520653, 19.0593283 ], [ 72.8521695, 19.05953 ], [ 72.8523029, 19.0594684 ], [ 72.8521987, 19.0592667 ], [ 72.8520653, 19.0593283 ] ] ] } },
{ "type": "Feature", "properties": { "element": "way", "id": 380713447, "building:levels": null }, "geometry": { "type": "Polygon", "coordinates": [ [ [ 72.8486367, 19.0548183 ], [ 72.8485448, 19.054911 ], [ 72.84862, 19.0549776 ], [ 72.8487119, 19.054885 ], [ 72.8486367, 19.0548183 ] ] ] } },
{ "type": "Feature", "properties": { "element": "way", "id": 398288896, "building:levels": null }, "geometry": { "type": "Polygon", "coordinates": [ [ [ 72.859494, 19.0600674 ], [ 72.8594133, 19.0603179 ], [ 72.859615, 19.0607482 ], [ 72.860341, 19.0604807 ], [ 72.8601795, 19.0598045 ], [ 72.859494, 19.0600674 ] ] ] } },
{ "type": "Feature", "properties": { "element": "way", "id": 401472423, "building:levels": "1" }, "geometry": { "type": "Polygon", "coordinates": [ [ [ 72.845386, 19.0575014 ], [ 72.8453758, 19.0575636 ], [ 72.8454408, 19.0575732 ], [ 72.8454511, 19.057511 ], [ 72.845386, 19.0575014 ] ] ] } },
{ "type": "Feature", "properties": { "element": "way", "id": 431510074, "building:levels": null }, "geometry": { "type": "Polygon", "coordinates": [ [ [ 72.8600017, 19.0516918 ], [ 72.8601031, 19.0517185 ], [ 72.8602238, 19.0513078 ], [ 72.8601224, 19.0512811 ], [ 72.8600017, 19.0516918 ] ] ] } },
{ "type": "Feature", "properties": { "element": "way", "id": 504690399, "building:levels": null }, "geometry": { "type": "Polygon", "coordinates": [ [ [ 72.8474325, 19.0583569 ], [ 72.8476249, 19.058364 ], [ 72.8476196, 19.0580273 ], [ 72.847419, 19.0580432 ], [ 72.8474325, 19.0583569 ] ] ] } },
{ "type": "Feature", "properties": { "element": "way", "id": 570454959, "building:levels": "1" }, "geometry": { "type": "Polygon", "coordinates": [ [ [ 72.8582655, 19.0519341 ], [ 72.8583714, 19.0517852 ], [ 72.8585342, 19.0518888 ], [ 72.8584283, 19.0520376 ], [ 72.8582655, 19.0519341 ] ] ] } },
{ "type": "Feature", "properties": { "element": "way", "id": 603383337, "building:levels": null }, "geometry": { "type": "Polygon", "coordinates": [ [ [ 72.8620335, 19.0600562 ], [ 72.8620356, 19.0600445 ], [ 72.8619967, 19.0600425 ], [ 72.8619745, 19.0600353 ], [ 72.8619698, 19.0600292 ], [ 72.8619688, 19.0600204 ], [ 72.8619732, 19.0600118 ], [ 72.8619816, 19.0600058 ], [ 72.8620124, 19.0600093 ], [ 72.8620134, 19.0600048 ], [ 72.8620141, 19.0599979 ], [ 72.8620171, 19.0599963 ], [ 72.8620258, 19.059996 ], [ 72.8620423, 19.0599937 ], [ 72.8620433, 19.0599865 ], [ 72.8620272, 19.0599782 ], [ 72.8620181, 19.0599728 ], [ 72.8620118, 19.059964 ], [ 72.8620054, 19.0599462 ], [ 72.8620087, 19.0599278 ], [ 72.8620175, 19.0599129 ], [ 72.8620346, 19.0599006 ], [ 72.8620677, 19.0598996 ], [ 72.8623668, 19.0599256 ], [ 72.8623873, 19.0599345 ], [ 72.8624, 19.0599481 ], [ 72.862403, 19.0599709 ], [ 72.8624007, 19.0599925 ], [ 72.8623826, 19.060009 ], [ 72.8623614, 19.0600175 ], [ 72.8623524, 19.0600207 ], [ 72.8623484, 19.0600242 ], [ 72.862349, 19.0600302 ], [ 72.8623574, 19.0600368 ], [ 72.8623655, 19.06004 ], [ 72.8623832, 19.0600413 ], [ 72.8623916, 19.0600476 ], [ 72.8623936, 19.0600565 ], [ 72.862392, 19.0600657 ], [ 72.8623873, 19.0600704 ], [ 72.8623262, 19.0600679 ], [ 72.8623249, 19.0600771 ], [ 72.8620335, 19.0600562 ] ] ] } },
{ "type": "Feature", "properties": { "element": "way", "id": 626938775, "building:levels": null }, "geometry": { "type": "Polygon", "coordinates": [ [ [ 72.8668573, 19.0686237 ], [ 72.8665352, 19.0690931 ], [ 72.8628355, 19.0668252 ], [ 72.8631576, 19.0663558 ], [ 72.8668573, 19.0686237 ] ] ] } },
{ "type": "Feature", "properties": { "element": "way", "id": 816790575, "building:levels": null }, "geometry": { "type": "Polygon", "coordinates": [ [ [ 72.8455606, 19.0587683 ], [ 72.846142, 19.0587589 ], [ 72.8461429, 19.0586151 ], [ 72.8455561, 19.0586271 ], [ 72.8455606, 19.0587683 ] ] ] } },
{ "type": "Feature", "properties": { "element": "way", "id": 837019321, "building:levels": null }, "geometry": { "type": "Polygon", "coordinates": [ [ [ 72.8488664, 19.057327 ], [ 72.8488732, 19.0569892 ], [ 72.8489556, 19.0569911 ], [ 72.8489602, 19.0571051 ], [ 72.8491251, 19.0571023 ], [ 72.8491188, 19.0574071 ], [ 72.8490338, 19.057412 ], [ 72.8490323, 19.0573383 ], [ 72.8489642, 19.0573358 ], [ 72.8489564, 19.0573997 ], [ 72.8488836, 19.0574154 ], [ 72.8488664, 19.057327 ] ] ] } },
{ "type": "Feature", "properties": { "element": "way", "id": 837019322, "building:levels": null }, "geometry": { "type": "Polygon", "coordinates": [ [ [ 72.8494929, 19.0578541 ], [ 72.8494964, 19.0577357 ], [ 72.8495268, 19.057736 ], [ 72.8495282, 19.0576338 ], [ 72.8494938, 19.0576334 ], [ 72.8494955, 19.0575046 ], [ 72.8495527, 19.0575053 ], [ 72.8495516, 19.057583 ], [ 72.8496226, 19.0575838 ], [ 72.8496238, 19.0574978 ], [ 72.8497019, 19.0574988 ], [ 72.8497007, 19.0575856 ], [ 72.8496852, 19.0575854 ], [ 72.8496824, 19.0577882 ], [ 72.8497071, 19.0577885 ], [ 72.8497081, 19.0578567 ], [ 72.8494929, 19.0578541 ] ] ] } },
{ "type": "Feature", "properties": { "element": "way", "id": 906170575, "building:levels": null }, "geometry": { "type": "Polygon", "coordinates": [ [ [ 72.8478286, 19.0664038 ], [ 72.8478245, 19.066325 ], [ 72.8479695, 19.066319 ], [ 72.8479597, 19.0663922 ], [ 72.8478286, 19.0664038 ] ] ] } },
{ "type": "Feature", "properties": { "element": "way", "id": 909382831, "building:levels": null }, "geometry": { "type": "Polygon", "coordinates": [ [ [ 72.8627792, 19.0668509 ], [ 72.862655, 19.0670348 ], [ 72.8631298, 19.0673212 ], [ 72.8632539, 19.0671374 ], [ 72.8627792, 19.0668509 ] ] ] } },
{ "type": "Feature", "properties": { "element": "way", "id": 909382838, "building:levels": null }, "geometry": { "type": "Polygon", "coordinates": [ [ [ 72.8518852, 19.0668547 ], [ 72.8517014, 19.0667675 ], [ 72.8516984, 19.066773 ], [ 72.8516748, 19.0668175 ], [ 72.8517602, 19.066858 ], [ 72.8517216, 19.0669306 ], [ 72.8516434, 19.0668935 ], [ 72.8516171, 19.066943 ], [ 72.8518604, 19.0670584 ], [ 72.8518867, 19.0670089 ], [ 72.8518201, 19.0669773 ], [ 72.8518421, 19.0669358 ], [ 72.8519241, 19.0669747 ], [ 72.8519672, 19.0668935 ], [ 72.8518852, 19.0668547 ] ] ] } },
{ "type": "Feature", "properties": { "element": "way", "id": 922843137, "building:levels": null }, "geometry": { "type": "Polygon", "coordinates": [ [ [ 72.8502523, 19.0572259 ], [ 72.8502943, 19.05718 ], [ 72.8502156, 19.0571155 ], [ 72.8502648, 19.0570619 ], [ 72.8503614, 19.057141 ], [ 72.8504346, 19.0570611 ], [ 72.850106, 19.0567921 ], [ 72.8500414, 19.0568626 ], [ 72.8501622, 19.0569615 ], [ 72.850123, 19.0570043 ], [ 72.8500053, 19.0569078 ], [ 72.8499447, 19.0569739 ], [ 72.8502523, 19.0572259 ] ] ] } },
{ "type": "Feature", "properties": { "element": "way", "id": 922843138, "building:levels": null }, "geometry": { "type": "Polygon", "coordinates": [ [ [ 72.8508635, 19.0580183 ], [ 72.8509246, 19.0579497 ], [ 72.8508445, 19.0578859 ], [ 72.8508652, 19.0578628 ], [ 72.8509557, 19.0579349 ], [ 72.8510278, 19.057854 ], [ 72.8506387, 19.057544 ], [ 72.8505823, 19.0576072 ], [ 72.8506725, 19.0576791 ], [ 72.8506311, 19.0577255 ], [ 72.8505401, 19.0576531 ], [ 72.8504839, 19.0577161 ], [ 72.8508635, 19.0580183 ] ] ] } },
{ "type": "Feature", "properties": { "element": "way", "id": 922843139, "building:levels": null }, "geometry": { "type": "Polygon", "coordinates": [ [ [ 72.8512664, 19.0583804 ], [ 72.8513106, 19.0583334 ], [ 72.8512683, 19.058298 ], [ 72.851321, 19.0582418 ], [ 72.8513686, 19.0582816 ], [ 72.851431, 19.0582151 ], [ 72.8512239, 19.0580417 ], [ 72.8511708, 19.0580984 ], [ 72.8512285, 19.0581467 ], [ 72.8511767, 19.058202 ], [ 72.8511373, 19.0581689 ], [ 72.8510831, 19.0582267 ], [ 72.8512664, 19.0583804 ] ] ] } },
{ "type": "Feature", "properties": { "element": "way", "id": 922843145, "building:levels": null }, "geometry": { "type": "Polygon", "coordinates": [ [ [ 72.8480809, 19.0567118 ], [ 72.8483603, 19.0569252 ], [ 72.8482304, 19.0570772 ], [ 72.847951, 19.0568639 ], [ 72.8480809, 19.0567118 ] ] ] } },
{ "type": "Feature", "properties": { "element": "way", "id": 922843148, "building:levels": null }, "geometry": { "type": "Polygon", "coordinates": [ [ [ 72.8484784, 19.056806 ], [ 72.8485088, 19.0568303 ], [ 72.8485697, 19.0567622 ], [ 72.848605, 19.0567903 ], [ 72.8486233, 19.0567698 ], [ 72.8486536, 19.056794 ], [ 72.8486681, 19.0568353 ], [ 72.8486707, 19.0569252 ], [ 72.8485904, 19.0569272 ], [ 72.8485386, 19.056941 ], [ 72.8484331, 19.0568567 ], [ 72.8484646, 19.0568215 ], [ 72.8484784, 19.056806 ] ] ] } },
{ "type": "Feature", "properties": { "element": "way", "id": 922843155, "building:levels": null }, "geometry": { "type": "Polygon", "coordinates": [ [ [ 72.8490338, 19.057412 ], [ 72.8490376, 19.0574894 ], [ 72.8489785, 19.0574937 ], [ 72.8489564, 19.0573997 ], [ 72.8488836, 19.0574154 ], [ 72.8489012, 19.0575495 ], [ 72.8488982, 19.057687 ], [ 72.8490057, 19.0576913 ], [ 72.8490133, 19.0577758 ], [ 72.8491073, 19.0577801 ], [ 72.8491012, 19.0576097 ], [ 72.8491188, 19.0574071 ], [ 72.8490338, 19.057412 ] ] ] } },
{ "type": "Feature", "properties": { "element": "way", "id": 922843160, "building:levels": null }, "geometry": { "type": "Polygon", "coordinates": [ [ [ 72.8494961, 19.0594216 ], [ 72.8494827, 19.0589286 ], [ 72.8496833, 19.0589237 ], [ 72.8496967, 19.0594167 ], [ 72.8494961, 19.0594216 ] ] ] } },
{ "type": "Feature", "properties": { "element": "way", "id": 922843162, "building:levels": null }, "geometry": { "type": "Polygon", "coordinates": [ [ [ 72.8482667, 19.0552045 ], [ 72.8485563, 19.0554265 ], [ 72.8483541, 19.0555214 ], [ 72.8483334, 19.0554822 ], [ 72.8483003, 19.0554196 ], [ 72.8482172, 19.0552625 ], [ 72.8482667, 19.0552045 ] ] ] } },
{ "type": "Feature", "properties": { "element": "way", "id": 922843163, "building:levels": null }, "geometry": { "type": "Polygon", "coordinates": [ [ [ 72.8483541, 19.0555214 ], [ 72.8485563, 19.0554265 ], [ 72.8487014, 19.0557027 ], [ 72.8484993, 19.0557976 ], [ 72.8483541, 19.0555214 ] ] ] } },
{ "type": "Feature", "properties": { "element": "way", "id": 922843164, "building:levels": null }, "geometry": { "type": "Polygon", "coordinates": [ [ [ 72.8487014, 19.0557027 ], [ 72.848848, 19.0559901 ], [ 72.8486503, 19.0560802 ], [ 72.8484993, 19.0557976 ], [ 72.8487014, 19.0557027 ] ] ] } },
{ "type": "Feature", "properties": { "element": "way", "id": 922843165, "building:levels": null }, "geometry": { "type": "Polygon", "coordinates": [ [ [ 72.848848, 19.0559901 ], [ 72.8491797, 19.0565778 ], [ 72.8489821, 19.0566679 ], [ 72.8486503, 19.0560802 ], [ 72.848848, 19.0559901 ] ] ] } },
{ "type": "Feature", "properties": { "element": "way", "id": 922843166, "building:levels": null }, "geometry": { "type": "Polygon", "coordinates": [ [ [ 72.8489821, 19.0566679 ], [ 72.8492757, 19.0568977 ], [ 72.8493381, 19.0568485 ], [ 72.8492398, 19.056672 ], [ 72.8491797, 19.0565778 ], [ 72.8489821, 19.0566679 ] ] ] } },
{ "type": "Feature", "properties": { "element": "way", "id": 922843167, "building:levels": null }, "geometry": { "type": "Polygon", "coordinates": [ [ [ 72.8480606, 19.055606 ], [ 72.8483334, 19.0554822 ], [ 72.8483003, 19.0554196 ], [ 72.8482226, 19.0554174 ], [ 72.8481364, 19.0554259 ], [ 72.848094, 19.0554521 ], [ 72.8480083, 19.0553834 ], [ 72.8479815, 19.0554054 ], [ 72.848068, 19.0554848 ], [ 72.8480265, 19.0555453 ], [ 72.8480606, 19.055606 ] ] ] } },
{ "type": "Feature", "properties": { "element": "way", "id": 922843168, "building:levels": null }, "geometry": { "type": "Polygon", "coordinates": [ [ [ 72.8493381, 19.0568485 ], [ 72.8492398, 19.056672 ], [ 72.8493946, 19.056595 ], [ 72.8494929, 19.0567715 ], [ 72.8493381, 19.0568485 ] ] ] } },
{ "type": "Feature", "properties": { "element": "way", "id": 923154934, "building:levels": null }, "geometry": { "type": "Polygon", "coordinates": [ [ [ 72.8518735, 19.0575696 ], [ 72.8516619, 19.0576778 ], [ 72.8516062, 19.0575805 ], [ 72.8518235, 19.0574717 ], [ 72.8518735, 19.0575696 ] ] ] } },
{ "type": "Feature", "properties": { "element": "way", "id": 923154936, "building:levels": null }, "geometry": { "type": "Polygon", "coordinates": [ [ [ 72.8509856, 19.0565297 ], [ 72.8510943, 19.0565817 ], [ 72.8511773, 19.0566877 ], [ 72.8512303, 19.0566389 ], [ 72.8511786, 19.0565644 ], [ 72.8512357, 19.0565033 ], [ 72.8513064, 19.0565335 ], [ 72.8513509, 19.0564776 ], [ 72.8512588, 19.0564243 ], [ 72.8511728, 19.056315 ], [ 72.8511134, 19.0563626 ], [ 72.8511888, 19.0564674 ], [ 72.8511344, 19.0565194 ], [ 72.8510257, 19.0564622 ], [ 72.8509856, 19.0565297 ] ] ] } },
{ "type": "Feature", "properties": { "element": "way", "id": 923154937, "building:levels": null }, "geometry": { "type": "Polygon", "coordinates": [ [ [ 72.8513276, 19.05681 ], [ 72.8514363, 19.056862 ], [ 72.8515193, 19.056968 ], [ 72.8515723, 19.0569192 ], [ 72.8515206, 19.0568447 ], [ 72.8515777, 19.0567836 ], [ 72.8516484, 19.0568138 ], [ 72.8516929, 19.0567579 ], [ 72.8516008, 19.0567046 ], [ 72.8515148, 19.0565953 ], [ 72.8514554, 19.0566429 ], [ 72.8515308, 19.0567477 ], [ 72.8514764, 19.0567997 ], [ 72.8513677, 19.0567425 ], [ 72.8513276, 19.05681 ] ] ] } },
{ "type": "Feature", "properties": { "element": "way", "id": 923154938, "building:levels": null }, "geometry": { "type": "Polygon", "coordinates": [ [ [ 72.8510271, 19.0571464 ], [ 72.8511358, 19.0571984 ], [ 72.8512188, 19.0573044 ], [ 72.8512718, 19.0572556 ], [ 72.8512201, 19.0571811 ], [ 72.8512772, 19.05712 ], [ 72.8513479, 19.0571502 ], [ 72.8513924, 19.0570943 ], [ 72.8513003, 19.057041 ], [ 72.8512143, 19.0569317 ], [ 72.8511549, 19.0569793 ], [ 72.8512303, 19.0570841 ], [ 72.8511759, 19.0571361 ], [ 72.8510672, 19.0570789 ], [ 72.8510271, 19.0571464 ] ] ] } },
{ "type": "Feature", "properties": { "element": "way", "id": 923192619, "building:levels": "3" }, "geometry": { "type": "Polygon", "coordinates": [ [ [ 72.851363, 19.054239 ], [ 72.8516627, 19.0536244 ], [ 72.8515709, 19.0534581 ], [ 72.8510693, 19.05313 ], [ 72.8510607, 19.0531641 ], [ 72.850996, 19.053273 ], [ 72.8509492, 19.0532968 ], [ 72.8507908, 19.0532253 ], [ 72.8506541, 19.0534532 ], [ 72.8506037, 19.0533818 ], [ 72.8502691, 19.0532117 ], [ 72.8502115, 19.0532219 ], [ 72.8500172, 19.0531267 ], [ 72.8500172, 19.0530995 ], [ 72.8497431, 19.0529818 ], [ 72.849704, 19.0529871 ], [ 72.8496825, 19.0530383 ], [ 72.8497005, 19.0530757 ], [ 72.8496501, 19.0530961 ], [ 72.8495817, 19.0530587 ], [ 72.8495541, 19.0530784 ], [ 72.8494557, 19.0531425 ], [ 72.849427, 19.0531675 ], [ 72.8494342, 19.0532049 ], [ 72.8494738, 19.0532321 ], [ 72.851363, 19.054239 ] ] ] } },
{ "type": "Feature", "properties": { "element": "way", "id": 923192620, "building:levels": null }, "geometry": { "type": "Polygon", "coordinates": [ [ [ 72.8506273, 19.0530494 ], [ 72.8507182, 19.0529158 ], [ 72.8501694, 19.0526643 ], [ 72.8496274, 19.0524989 ], [ 72.8495735, 19.0526612 ], [ 72.8500819, 19.0527916 ], [ 72.8506273, 19.0530494 ] ] ] } },
{ "type": "Feature", "properties": { "element": "way", "id": 923192621, "building:levels": null }, "geometry": { "type": "Polygon", "coordinates": [ [ [ 72.8495297, 19.0527789 ], [ 72.8494321, 19.0526325 ], [ 72.8492402, 19.0527471 ], [ 72.8490314, 19.052728 ], [ 72.849018, 19.0527662 ], [ 72.84855, 19.0526898 ], [ 72.8485197, 19.052868 ], [ 72.8490314, 19.052938 ], [ 72.8490281, 19.0529985 ], [ 72.8492469, 19.0529985 ], [ 72.849257, 19.0529221 ], [ 72.8495297, 19.0527789 ] ] ] } },
{ "type": "Feature", "properties": { "element": "way", "id": 923192623, "building:levels": null }, "geometry": { "type": "Polygon", "coordinates": [ [ [ 72.8520934, 19.0600185 ], [ 72.8520701, 19.0599536 ], [ 72.8520157, 19.0599711 ], [ 72.8520039, 19.0599382 ], [ 72.8519452, 19.059957 ], [ 72.8519245, 19.0598996 ], [ 72.8520154, 19.0598703 ], [ 72.8519873, 19.0597923 ], [ 72.8516847, 19.0598906 ], [ 72.8516978, 19.0599207 ], [ 72.8517292, 19.0600113 ], [ 72.8517769, 19.059996 ], [ 72.8517674, 19.0599696 ], [ 72.8518224, 19.0599519 ], [ 72.851841, 19.0600035 ], [ 72.8517013, 19.0600484 ], [ 72.8517121, 19.0600783 ], [ 72.8516656, 19.0600932 ], [ 72.8516845, 19.0601459 ], [ 72.8518459, 19.060094 ], [ 72.8518369, 19.0600689 ], [ 72.8519125, 19.0600447 ], [ 72.8519228, 19.0600733 ], [ 72.8520934, 19.0600185 ] ] ] } },
{ "type": "Feature", "properties": { "element": "way", "id": 923192624, "building:levels": null }, "geometry": { "type": "Polygon", "coordinates": [ [ [ 72.8514593, 19.0596038 ], [ 72.8513886, 19.0596408 ], [ 72.8514408, 19.0597299 ], [ 72.8513909, 19.0597561 ], [ 72.8513323, 19.0596559 ], [ 72.8512552, 19.0596963 ], [ 72.8514378, 19.0600082 ], [ 72.8515432, 19.0599531 ], [ 72.8514743, 19.0598355 ], [ 72.8515078, 19.059818 ], [ 72.8515718, 19.0599272 ], [ 72.8516308, 19.0598964 ], [ 72.8514593, 19.0596038 ] ] ] } },
{ "type": "Feature", "properties": { "element": "way", "id": 923192625, "building:levels": null }, "geometry": { "type": "Polygon", "coordinates": [ [ [ 72.8513886, 19.0596408 ], [ 72.8513167, 19.0595211 ], [ 72.8512652, 19.0595486 ], [ 72.8513323, 19.0596559 ], [ 72.8512552, 19.0596963 ], [ 72.8510783, 19.0593946 ], [ 72.8511465, 19.0593581 ], [ 72.851198, 19.0594441 ], [ 72.8512624, 19.0594097 ], [ 72.8512122, 19.0593259 ], [ 72.851274, 19.0592928 ], [ 72.8514593, 19.0596038 ], [ 72.8513886, 19.0596408 ] ] ] } },
{ "type": "Feature", "properties": { "element": "way", "id": 923192629, "building:levels": null }, "geometry": { "type": "Polygon", "coordinates": [ [ [ 72.8516087, 19.0594257 ], [ 72.8516649, 19.0593934 ], [ 72.8516069, 19.0593034 ], [ 72.8514662, 19.0593843 ], [ 72.8514993, 19.0594358 ], [ 72.8515839, 19.0593872 ], [ 72.8516087, 19.0594257 ] ] ] } },
{ "type": "Feature", "properties": { "element": "way", "id": 923192638, "building:levels": null }, "geometry": { "type": "Polygon", "coordinates": [ [ [ 72.8494929, 19.0578541 ], [ 72.8494918, 19.0579352 ], [ 72.8495069, 19.0579354 ], [ 72.8495062, 19.0579934 ], [ 72.84953, 19.0579937 ], [ 72.8495288, 19.0580902 ], [ 72.8495006, 19.0580899 ], [ 72.8494982, 19.0582181 ], [ 72.8495591, 19.0582185 ], [ 72.8495594, 19.0580849 ], [ 72.8496079, 19.0580854 ], [ 72.8496071, 19.0581564 ], [ 72.8496382, 19.0581567 ], [ 72.8496375, 19.0582177 ], [ 72.8497051, 19.0582183 ], [ 72.8497059, 19.0581439 ], [ 72.849687, 19.0581438 ], [ 72.849689, 19.0579412 ], [ 72.8497071, 19.0579247 ], [ 72.8497081, 19.0578567 ], [ 72.8494929, 19.0578541 ] ] ] } },
{ "type": "Feature", "properties": { "element": "way", "id": 923192639, "building:levels": null }, "geometry": { "type": "Polygon", "coordinates": [ [ [ 72.8495591, 19.0582185 ], [ 72.8495588, 19.0582676 ], [ 72.8495469, 19.0582675 ], [ 72.8495466, 19.0582995 ], [ 72.8497077, 19.0583005 ], [ 72.8497066, 19.0584646 ], [ 72.8496775, 19.0584644 ], [ 72.8496773, 19.058494 ], [ 72.849706, 19.0584942 ], [ 72.8497057, 19.0585395 ], [ 72.8495026, 19.0585384 ], [ 72.8494945, 19.0585197 ], [ 72.849495, 19.0584303 ], [ 72.849536, 19.0584305 ], [ 72.8495361, 19.0584113 ], [ 72.8495257, 19.0584112 ], [ 72.849526, 19.0583682 ], [ 72.8495087, 19.0583681 ], [ 72.8495091, 19.0583029 ], [ 72.8494976, 19.0583028 ], [ 72.8494982, 19.0582181 ], [ 72.8495591, 19.0582185 ] ] ] } },
{ "type": "Feature", "properties": { "element": "way", "id": 923192642, "building:levels": null }, "geometry": { "type": "Polygon", "coordinates": [ [ [ 72.8548543, 19.0598737 ], [ 72.8548859, 19.0598243 ], [ 72.8549058, 19.0597961 ], [ 72.8549269, 19.0597574 ], [ 72.8549294, 19.0597246 ], [ 72.8549169, 19.0597023 ], [ 72.8548971, 19.0596835 ], [ 72.8548772, 19.0596812 ], [ 72.85484, 19.0596929 ], [ 72.8548115, 19.0597228 ], [ 72.8547829, 19.0597668 ], [ 72.8547519, 19.0598149 ], [ 72.8548543, 19.0598737 ] ] ] } },
{ "type": "Feature", "properties": { "element": "way", "id": 960135863, "building:levels": null }, "geometry": { "type": "Polygon", "coordinates": [ [ [ 72.8522619, 19.0665417 ], [ 72.8521349, 19.0664815 ], [ 72.8520366, 19.0666666 ], [ 72.8521636, 19.0667268 ], [ 72.8522619, 19.0665417 ] ] ] } },
{ "type": "Feature", "properties": { "element": "way", "id": 960135864, "building:levels": null }, "geometry": { "type": "Polygon", "coordinates": [ [ [ 72.852131, 19.0663408 ], [ 72.8520721, 19.0664517 ], [ 72.8521349, 19.0664815 ], [ 72.8522619, 19.0665417 ], [ 72.8523208, 19.0664308 ], [ 72.852131, 19.0663408 ] ] ] } },
{ "type": "Feature", "properties": { "element": "way", "id": 960135865, "building:levels": null }, "geometry": { "type": "Polygon", "coordinates": [ [ [ 72.8519363, 19.0662484 ], [ 72.8518774, 19.0663594 ], [ 72.8520721, 19.0664517 ], [ 72.852131, 19.0663408 ], [ 72.8519363, 19.0662484 ] ] ] } },
{ "type": "Feature", "properties": { "element": "way", "id": 960135866, "building:levels": null }, "geometry": { "type": "Polygon", "coordinates": [ [ [ 72.8518353, 19.0663394 ], [ 72.8518774, 19.0663594 ], [ 72.8519363, 19.0662484 ], [ 72.8518942, 19.0662285 ], [ 72.8517486, 19.0661594 ], [ 72.8516513, 19.0663428 ], [ 72.8517969, 19.0664119 ], [ 72.8518353, 19.0663394 ] ] ] } },
{ "type": "Feature", "properties": { "element": "way", "id": 960135867, "building:levels": null }, "geometry": { "type": "Polygon", "coordinates": [ [ [ 72.8515081, 19.0666124 ], [ 72.8516011, 19.0666565 ], [ 72.8516537, 19.0666815 ], [ 72.8517969, 19.0664119 ], [ 72.8516513, 19.0663428 ], [ 72.8515081, 19.0666124 ] ] ] } },
{ "type": "Feature", "properties": { "element": "way", "id": 960135868, "building:levels": null }, "geometry": { "type": "Polygon", "coordinates": [ [ [ 72.8515602, 19.0668828 ], [ 72.851611, 19.0667872 ], [ 72.8516748, 19.0668175 ], [ 72.8516984, 19.066773 ], [ 72.8516346, 19.0667427 ], [ 72.8515712, 19.0667127 ], [ 72.8516011, 19.0666565 ], [ 72.8515081, 19.0666124 ], [ 72.8514783, 19.0666686 ], [ 72.8514039, 19.0668086 ], [ 72.8513683, 19.0668757 ], [ 72.851593, 19.0669823 ], [ 72.8516286, 19.0669152 ], [ 72.8515602, 19.0668828 ] ] ] } },
{ "type": "Feature", "properties": { "element": "way", "id": 1027121224, "building:levels": null }, "geometry": { "type": "Polygon", "coordinates": [ [ [ 72.8561601, 19.0655513 ], [ 72.8561078, 19.0656638 ], [ 72.8560158, 19.0657262 ], [ 72.856063, 19.0658015 ], [ 72.8561242, 19.0657649 ], [ 72.8562545, 19.065751 ], [ 72.8562851, 19.0657926 ], [ 72.8563658, 19.0657507 ], [ 72.8563215, 19.0657005 ], [ 72.8563535, 19.0656775 ], [ 72.8564189, 19.0657104 ], [ 72.8564653, 19.0656167 ], [ 72.8564285, 19.0655831 ], [ 72.856447, 19.0655255 ], [ 72.8565216, 19.0654023 ], [ 72.8563892, 19.0653278 ], [ 72.8563276, 19.0654172 ], [ 72.8562313, 19.0654801 ], [ 72.8561907, 19.0654444 ], [ 72.8561232, 19.0655147 ], [ 72.8561601, 19.0655513 ] ] ] } },
{ "type": "Feature", "properties": { "element": "way", "id": 1027121225, "building:levels": null }, "geometry": { "type": "Polygon", "coordinates": [ [ [ 72.8569665, 19.0648352 ], [ 72.8568594, 19.0647692 ], [ 72.8565025, 19.0652865 ], [ 72.8566096, 19.0653525 ], [ 72.8569665, 19.0648352 ] ] ] } },
{ "type": "Feature", "properties": { "element": "way", "id": 1027121226, "building:levels": null }, "geometry": { "type": "Polygon", "coordinates": [ [ [ 72.8565508, 19.0645842 ], [ 72.8563487, 19.0644597 ], [ 72.8563013, 19.0645285 ], [ 72.8565033, 19.064653 ], [ 72.8564687, 19.0647032 ], [ 72.8564032, 19.0646628 ], [ 72.8563378, 19.0647576 ], [ 72.8564033, 19.064798 ], [ 72.8562891, 19.0649634 ], [ 72.8563979, 19.0650304 ], [ 72.8566595, 19.0646513 ], [ 72.8565508, 19.0645842 ] ] ] } },
{ "type": "Feature", "properties": { "element": "way", "id": 1027121227, "building:levels": null }, "geometry": { "type": "Polygon", "coordinates": [ [ [ 72.8562716, 19.0652788 ], [ 72.8562179, 19.0650151 ], [ 72.8561075, 19.0650352 ], [ 72.8561611, 19.0652988 ], [ 72.8562716, 19.0652788 ] ] ] } },
{ "type": "Feature", "properties": { "element": "way", "id": 1027121228, "building:levels": null }, "geometry": { "type": "Polygon", "coordinates": [ [ [ 72.8564787, 19.065216 ], [ 72.8568006, 19.0647496 ], [ 72.8566849, 19.0646783 ], [ 72.8563631, 19.0651448 ], [ 72.8564787, 19.065216 ] ] ] } },
{ "type": "Feature", "properties": { "element": "way", "id": 1027121229, "building:levels": null }, "geometry": { "type": "Polygon", "coordinates": [ [ [ 72.8570422, 19.0646817 ], [ 72.856656, 19.0643344 ], [ 72.8565632, 19.0644266 ], [ 72.8569494, 19.0647739 ], [ 72.8570422, 19.0646817 ] ] ] } },
{ "type": "Feature", "properties": { "element": "way", "id": 1027121235, "building:levels": null }, "geometry": { "type": "Polygon", "coordinates": [ [ [ 72.8641471, 19.0679638 ], [ 72.8642541, 19.0680283 ], [ 72.8643268, 19.0679207 ], [ 72.8642198, 19.0678561 ], [ 72.8641471, 19.0679638 ] ] ] } },
{ "type": "Feature", "properties": { "element": "way", "id": 1027121240, "building:levels": null }, "geometry": { "type": "Polygon", "coordinates": [ [ [ 72.8636194, 19.0636896 ], [ 72.8632152, 19.063268 ], [ 72.8631315, 19.0633397 ], [ 72.8631753, 19.0633853 ], [ 72.8630881, 19.06346 ], [ 72.8634114, 19.0637973 ], [ 72.8634987, 19.0637226 ], [ 72.8635357, 19.0637612 ], [ 72.8636194, 19.0636896 ] ] ] } },
{ "type": "Feature", "properties": { "element": "way", "id": 1027121242, "building:levels": null }, "geometry": { "type": "Polygon", "coordinates": [ [ [ 72.8569883, 19.0637213 ], [ 72.857088, 19.0637712 ], [ 72.857151, 19.063659 ], [ 72.8571852, 19.0636742 ], [ 72.8572228, 19.0636781 ], [ 72.8572597, 19.0636703 ], [ 72.8572919, 19.0636515 ], [ 72.8573159, 19.0636238 ], [ 72.8574528, 19.0636924 ], [ 72.8575074, 19.0635949 ], [ 72.8571573, 19.0634197 ], [ 72.8569883, 19.0637213 ] ] ] } },
{ "type": "Feature", "properties": { "element": "way", "id": 1027121243, "building:levels": null }, "geometry": { "type": "Polygon", "coordinates": [ [ [ 72.8571953, 19.0633256 ], [ 72.8574367, 19.0629022 ], [ 72.8579416, 19.0631594 ], [ 72.8580295, 19.0632495 ], [ 72.8580858, 19.0633256 ], [ 72.8580975, 19.063452 ], [ 72.8581062, 19.0635462 ], [ 72.8581462, 19.0636002 ], [ 72.8578363, 19.0639213 ], [ 72.8577317, 19.0638311 ], [ 72.85767, 19.063754 ], [ 72.8576298, 19.0636374 ], [ 72.8575788, 19.0635613 ], [ 72.8571754, 19.0633615 ], [ 72.8571953, 19.0633256 ] ] ] } },
{ "type": "Feature", "properties": { "element": "way", "id": 1192464443, "building:levels": null }, "geometry": { "type": "Polygon", "coordinates": [ [ [ 72.8474624, 19.057438 ], [ 72.8475738, 19.057438 ], [ 72.8475738, 19.0572352 ], [ 72.8474624, 19.0572352 ], [ 72.8474624, 19.057438 ] ] ] } },
{ "type": "Feature", "properties": { "element": "way", "id": 1202316245, "building:levels": null }, "geometry": { "type": "Polygon", "coordinates": [ [ [ 72.8581121, 19.0675535 ], [ 72.8579078, 19.0677355 ], [ 72.8579778, 19.0678058 ], [ 72.8581822, 19.0676238 ], [ 72.8581121, 19.0675535 ] ] ] } },
{ "type": "Feature", "properties": { "element": "way", "id": 1202316246, "building:levels": null }, "geometry": { "type": "Polygon", "coordinates": [ [ [ 72.8583468, 19.0677838 ], [ 72.8581385, 19.0679689 ], [ 72.8581954, 19.0680261 ], [ 72.8584037, 19.067841 ], [ 72.8583468, 19.0677838 ] ] ] } },
{ "type": "Feature", "properties": { "element": "way", "id": 1202316247, "building:levels": null }, "geometry": { "type": "Polygon", "coordinates": [ [ [ 72.8581258, 19.0679613 ], [ 72.8579874, 19.0678119 ], [ 72.8580547, 19.0677563 ], [ 72.858193, 19.0679057 ], [ 72.8581258, 19.0679613 ] ] ] } },
{ "type": "Feature", "properties": { "element": "way", "id": 1202316248, "building:levels": null }, "geometry": { "type": "Polygon", "coordinates": [ [ [ 72.8582135, 19.067487 ], [ 72.8581513, 19.067537 ], [ 72.8583631, 19.0677727 ], [ 72.8584254, 19.0677227 ], [ 72.8582135, 19.067487 ] ] ] } },
{ "type": "Feature", "properties": { "element": "way", "id": 1202316249, "building:levels": null }, "geometry": { "type": "Polygon", "coordinates": [ [ [ 72.8584742, 19.0671186 ], [ 72.8580757, 19.0674694 ], [ 72.8581243, 19.0675187 ], [ 72.8585228, 19.0671678 ], [ 72.8584742, 19.0671186 ] ] ] } },
{ "type": "Feature", "properties": { "element": "way", "id": 1202316250, "building:levels": null }, "geometry": { "type": "Polygon", "coordinates": [ [ [ 72.8583927, 19.0673033 ], [ 72.8583194, 19.0673666 ], [ 72.858425, 19.0674757 ], [ 72.8584983, 19.0674123 ], [ 72.8583927, 19.0673033 ] ] ] } },
{ "type": "Feature", "properties": { "element": "way", "id": 1202316251, "building:levels": null }, "geometry": { "type": "Polygon", "coordinates": [ [ [ 72.8584873, 19.0679938 ], [ 72.8582755, 19.0681574 ], [ 72.8583364, 19.0682278 ], [ 72.8585482, 19.0680642 ], [ 72.8584873, 19.0679938 ] ] ] } },
{ "type": "Feature", "properties": { "element": "way", "id": 1202316252, "building:levels": null }, "geometry": { "type": "Polygon", "coordinates": [ [ [ 72.8587269, 19.0681254 ], [ 72.8585411, 19.068276 ], [ 72.8586002, 19.0683412 ], [ 72.858786, 19.0681905 ], [ 72.8587269, 19.0681254 ] ] ] } },
{ "type": "Feature", "properties": { "element": "way", "id": 1202316253, "building:levels": null }, "geometry": { "type": "Polygon", "coordinates": [ [ [ 72.8585359, 19.0683942 ], [ 72.8583707, 19.0682175 ], [ 72.8584264, 19.0681709 ], [ 72.8585917, 19.0683476 ], [ 72.8585359, 19.0683942 ] ] ] } },
{ "type": "Feature", "properties": { "element": "way", "id": 1202316254, "building:levels": null }, "geometry": { "type": "Polygon", "coordinates": [ [ [ 72.8585602, 19.0679361 ], [ 72.8584942, 19.0679888 ], [ 72.8586501, 19.0681633 ], [ 72.8587162, 19.0681105 ], [ 72.8585602, 19.0679361 ] ] ] } },
{ "type": "Feature", "properties": { "element": "way", "id": 1202316255, "building:levels": null }, "geometry": { "type": "Polygon", "coordinates": [ [ [ 72.8587515, 19.0679943 ], [ 72.8586928, 19.0680425 ], [ 72.8588079, 19.068168 ], [ 72.8588667, 19.0681198 ], [ 72.8587515, 19.0679943 ] ] ] } },
{ "type": "Feature", "properties": { "element": "way", "id": 1202316256, "building:levels": null }, "geometry": { "type": "Polygon", "coordinates": [ [ [ 72.8587781, 19.0682477 ], [ 72.8588312, 19.0683029 ], [ 72.8590181, 19.0681426 ], [ 72.8589651, 19.0680874 ], [ 72.8587781, 19.0682477 ] ] ] } },
{ "type": "Feature", "properties": { "element": "way", "id": 1202316257, "building:levels": null }, "geometry": { "type": "Polygon", "coordinates": [ [ [ 72.8591532, 19.0679184 ], [ 72.8589692, 19.0680791 ], [ 72.8590299, 19.0681411 ], [ 72.8592138, 19.0679803 ], [ 72.8591532, 19.0679184 ] ] ] } },
{ "type": "Feature", "properties": { "element": "way", "id": 1202316258, "building:levels": null }, "geometry": { "type": "Polygon", "coordinates": [ [ [ 72.8586537, 19.0684452 ], [ 72.8585897, 19.068378 ], [ 72.8587462, 19.0682449 ], [ 72.8588101, 19.0683121 ], [ 72.8586537, 19.0684452 ] ] ] } },
{ "type": "Feature", "properties": { "element": "way", "id": 1202316259, "building:levels": null }, "geometry": { "type": "Polygon", "coordinates": [ [ [ 72.8591183, 19.0677518 ], [ 72.8590601, 19.0678 ], [ 72.8592345, 19.0679884 ], [ 72.8592928, 19.0679402 ], [ 72.8591183, 19.0677518 ] ] ] } },
{ "type": "Feature", "properties": { "element": "way", "id": 1202316260, "building:levels": null }, "geometry": { "type": "Polygon", "coordinates": [ [ [ 72.8582289, 19.0674509 ], [ 72.8582035, 19.0674733 ], [ 72.8583589, 19.0676312 ], [ 72.8583843, 19.0676088 ], [ 72.8583066, 19.0675299 ], [ 72.8582289, 19.0674509 ] ] ] } },
{ "type": "Feature", "properties": { "element": "way", "id": 1291881355, "building:levels": null }, "geometry": { "type": "Polygon", "coordinates": [ [ [ 72.862201, 19.061939 ], [ 72.8622367, 19.0619565 ], [ 72.8622794, 19.0619689 ], [ 72.8623238, 19.0619738 ], [ 72.8623684, 19.061971 ], [ 72.8624117, 19.0619607 ], [ 72.8624541, 19.0619423 ], [ 72.862492, 19.0619167 ], [ 72.8625242, 19.0618848 ], [ 72.8625495, 19.0618477 ], [ 72.8625669, 19.0618069 ], [ 72.8625676, 19.0618037 ], [ 72.8629321, 19.0616692 ], [ 72.8628974, 19.0615856 ], [ 72.8627726, 19.0616125 ], [ 72.862572, 19.0616865 ], [ 72.862563, 19.0616429 ], [ 72.8623541, 19.0617352 ], [ 72.8622397, 19.0617726 ], [ 72.8620897, 19.0618223 ], [ 72.8621085, 19.0618438 ], [ 72.8621089, 19.0618445 ], [ 72.8621136, 19.0618557 ], [ 72.8618814, 19.06195 ], [ 72.8618097, 19.0619976 ], [ 72.8618579, 19.062089 ], [ 72.862201, 19.061939 ] ] ] } },
{ "type": "Feature", "properties": { "element": "way", "id": 1291881356, "building:levels": null }, "geometry": { "type": "Polygon", "coordinates": [ [ [ 72.8633988, 19.0624551 ], [ 72.8630981, 19.0627169 ], [ 72.863071, 19.0627148 ], [ 72.8630238, 19.0627202 ], [ 72.8629786, 19.0627343 ], [ 72.8629374, 19.0627567 ], [ 72.8629011, 19.0627872 ], [ 72.8628721, 19.0628241 ], [ 72.8628516, 19.0628659 ], [ 72.8628407, 19.0629106 ], [ 72.86284, 19.0629416 ], [ 72.8625485, 19.0631953 ], [ 72.8626186, 19.0632672 ], [ 72.8628673, 19.0630507 ], [ 72.8628837, 19.0630674 ], [ 72.8628944, 19.0630823 ], [ 72.8629089, 19.0631022 ], [ 72.8632684, 19.0628203 ], [ 72.8632429, 19.0627803 ], [ 72.8632271, 19.0627682 ], [ 72.8632109, 19.0627515 ], [ 72.8634689, 19.062527 ], [ 72.8633988, 19.0624551 ] ] ] } },
{ "type": "Feature", "properties": { "element": "way", "id": 1330234677, "building:levels": null }, "geometry": { "type": "Polygon", "coordinates": [ [ [ 72.8513731, 19.0557723 ], [ 72.8515361, 19.055604 ], [ 72.8513731, 19.055463 ], [ 72.8512101, 19.0556313 ], [ 72.8513731, 19.0557723 ] ] ] } },
{ "type": "Feature", "properties": { "element": "way", "id": 1361132207, "building:levels": null }, "geometry": { "type": "Polygon", "coordinates": [ [ [ 72.8537048, 19.0593227 ], [ 72.8536819, 19.0593001 ], [ 72.8536803, 19.0592826 ], [ 72.8536782, 19.0592606 ], [ 72.853669, 19.0592498 ], [ 72.8536636, 19.0592364 ], [ 72.8536416, 19.0592349 ], [ 72.8536297, 19.0592258 ], [ 72.8536296, 19.0592097 ], [ 72.8536416, 19.0591903 ], [ 72.8536413, 19.0591737 ], [ 72.8536536, 19.0591585 ], [ 72.8536775, 19.0591493 ], [ 72.8537137, 19.0591375 ], [ 72.8537305, 19.059149 ], [ 72.8537288, 19.0591597 ], [ 72.8537374, 19.059168 ], [ 72.8537648, 19.0591596 ], [ 72.8537726, 19.0591713 ], [ 72.8538004, 19.0591705 ], [ 72.8538158, 19.0591747 ], [ 72.8538214, 19.0591844 ], [ 72.8538259, 19.0591985 ], [ 72.8538472, 19.0592194 ], [ 72.85385, 19.0592405 ], [ 72.8538478, 19.0592618 ], [ 72.8538249, 19.0592706 ], [ 72.853818, 19.059293 ], [ 72.8537978, 19.0593055 ], [ 72.8537772, 19.059312 ], [ 72.8537602, 19.0593103 ], [ 72.8537381, 19.0593243 ], [ 72.8537048, 19.0593227 ] ] ] } },
{ "type": "Feature", "properties": { "element": "way", "id": 1361132208, "building:levels": null }, "geometry": { "type": "Polygon", "coordinates": [ [ [ 72.852623, 19.0597992 ], [ 72.852794, 19.0596917 ], [ 72.8526634, 19.0595055 ], [ 72.852623, 19.0597992 ] ] ] } },
{ "type": "Feature", "properties": { "element": "way", "id": 1361132209, "building:levels": null }, "geometry": { "type": "Polygon", "coordinates": [ [ [ 72.8529031, 19.0598881 ], [ 72.8531311, 19.0602666 ], [ 72.853266, 19.060194 ], [ 72.8530381, 19.0598155 ], [ 72.8529031, 19.0598881 ] ] ] } },
{ "type": "Feature", "properties": { "element": "way", "id": 1361132210, "building:levels": null }, "geometry": { "type": "Polygon", "coordinates": [ [ [ 72.8497905, 19.0601092 ], [ 72.8499012, 19.0603268 ], [ 72.8499503, 19.0603424 ], [ 72.8501822, 19.0603425 ], [ 72.8501823, 19.0602512 ], [ 72.8500306, 19.0602511 ], [ 72.8499491, 19.0602105 ], [ 72.8498775, 19.0600697 ], [ 72.8497905, 19.0601092 ] ] ] } },
{ "type": "Feature", "properties": { "element": "way", "id": 1361132212, "building:levels": null }, "geometry": { "type": "Polygon", "coordinates": [ [ [ 72.8503983, 19.0610276 ], [ 72.8504047, 19.0608469 ], [ 72.8505279, 19.0608507 ], [ 72.8505215, 19.0610315 ], [ 72.8503983, 19.0610276 ] ] ] } },
{ "type": "Feature", "properties": { "element": "way", "id": 1361132214, "building:levels": null }, "geometry": { "type": "Polygon", "coordinates": [ [ [ 72.8537381, 19.0593243 ], [ 72.8536898, 19.0593667 ], [ 72.8535655, 19.0592402 ], [ 72.8536413, 19.0591737 ], [ 72.8536416, 19.0591903 ], [ 72.8536296, 19.0592097 ], [ 72.8536297, 19.0592258 ], [ 72.8536416, 19.0592349 ], [ 72.8536636, 19.0592364 ], [ 72.853669, 19.0592498 ], [ 72.8536782, 19.0592606 ], [ 72.8536803, 19.0592826 ], [ 72.8536819, 19.0593001 ], [ 72.8537048, 19.0593227 ], [ 72.8537381, 19.0593243 ] ] ] } },
{ "type": "Feature", "properties": { "element": "way", "id": 1380939468, "building:levels": null }, "geometry": { "type": "Polygon", "coordinates": [ [ [ 72.8485511, 19.059621 ], [ 72.848551, 19.0596558 ], [ 72.8481909, 19.0596552 ], [ 72.848191, 19.0596204 ], [ 72.8485511, 19.059621 ] ] ] } },
{ "type": "Feature", "properties": { "element": "way", "id": 1380939469, "building:levels": null }, "geometry": { "type": "Polygon", "coordinates": [ [ [ 72.8481354, 19.059626 ], [ 72.8481357, 19.0596533 ], [ 72.8480011, 19.0596544 ], [ 72.8480008, 19.0596271 ], [ 72.8481354, 19.059626 ] ] ] } },
{ "type": "Feature", "properties": { "element": "way", "id": 1387479827, "building:levels": null }, "geometry": { "type": "Polygon", "coordinates": [ [ [ 72.8490332, 19.0550171 ], [ 72.8490916, 19.0550705 ], [ 72.8491681, 19.0549958 ], [ 72.8491096, 19.0549424 ], [ 72.8490332, 19.0550171 ] ] ] } },
{ "type": "Feature", "properties": { "element": "way", "id": 1393794993, "building:levels": null }, "geometry": { "type": "Polygon", "coordinates": [ [ [ 72.853162, 19.0594387 ], [ 72.85324, 19.0594981 ], [ 72.8533298, 19.059462 ], [ 72.8533394, 19.0593899 ], [ 72.853263, 19.0593343 ], [ 72.8531708, 19.05935 ], [ 72.853162, 19.0594387 ] ] ] } },
{ "type": "Feature", "properties": { "element": "way", "id": 1393794994, "building:levels": null }, "geometry": { "type": "Polygon", "coordinates": [ [ [ 72.8459778, 19.0564548 ], [ 72.8459858, 19.0565331 ], [ 72.8460228, 19.0565297 ], [ 72.8460335, 19.0566341 ], [ 72.8455434, 19.0566792 ], [ 72.8455246, 19.0564966 ], [ 72.8459778, 19.0564548 ] ] ] } },
{ "type": "Feature", "properties": { "element": "way", "id": 1432234171, "building:levels": null }, "geometry": { "type": "Polygon", "coordinates": [ [ [ 72.8450958, 19.0695474 ], [ 72.8452535, 19.0695552 ], [ 72.8452695, 19.0692646 ], [ 72.8451118, 19.0692568 ], [ 72.8450958, 19.0695474 ] ] ] } },
{ "type": "Feature", "properties": { "element": "way", "id": 1432234178, "building:levels": null }, "geometry": { "type": "Polygon", "coordinates": [ [ [ 72.8457552, 19.0677491 ], [ 72.8457953, 19.0677482 ], [ 72.8457967, 19.0678012 ], [ 72.8457566, 19.0678021 ], [ 72.8457552, 19.0677491 ] ] ] } },
{ "type": "Feature", "properties": { "element": "way", "id": 1432234179, "building:levels": null }, "geometry": { "type": "Polygon", "coordinates": [ [ [ 72.848201, 19.0693413 ], [ 72.8482999, 19.0694007 ], [ 72.8484344, 19.0692009 ], [ 72.8483356, 19.0691414 ], [ 72.848201, 19.0693413 ] ] ] } },
{ "type": "Feature", "properties": { "element": "way", "id": 1432234180, "building:levels": null }, "geometry": { "type": "Polygon", "coordinates": [ [ [ 72.8482251, 19.0686656 ], [ 72.848428, 19.0686611 ], [ 72.8484683, 19.068695 ], [ 72.8484719, 19.0688349 ], [ 72.8484451, 19.0688355 ], [ 72.8484445, 19.0688116 ], [ 72.8484281, 19.068812 ], [ 72.8484269, 19.0687674 ], [ 72.8482278, 19.0687719 ], [ 72.8482251, 19.0686656 ] ] ] } },
{ "type": "Feature", "properties": { "element": "way", "id": 1432234181, "building:levels": null }, "geometry": { "type": "Polygon", "coordinates": [ [ [ 72.8485277, 19.0686892 ], [ 72.8487483, 19.0686635 ], [ 72.8487606, 19.068757 ], [ 72.8486814, 19.0687663 ], [ 72.8486743, 19.068798 ], [ 72.8485439, 19.0688132 ], [ 72.8485277, 19.0686892 ] ] ] } },
{ "type": "Feature", "properties": { "element": "way", "id": 1432234182, "building:levels": null }, "geometry": { "type": "Polygon", "coordinates": [ [ [ 72.8490616, 19.0679107 ], [ 72.8491403, 19.0679602 ], [ 72.8491072, 19.0680072 ], [ 72.8490285, 19.0679577 ], [ 72.8490616, 19.0679107 ] ] ] } },
{ "type": "Feature", "properties": { "element": "way", "id": 1432234183, "building:levels": null }, "geometry": { "type": "Polygon", "coordinates": [ [ [ 72.8490233, 19.068086 ], [ 72.8490542, 19.0681144 ], [ 72.8490704, 19.0680987 ], [ 72.8491356, 19.0681588 ], [ 72.8490677, 19.0682246 ], [ 72.8489716, 19.068136 ], [ 72.8490233, 19.068086 ] ] ] } },
{ "type": "Feature", "properties": { "element": "way", "id": 1432234186, "building:levels": null }, "geometry": { "type": "Polygon", "coordinates": [ [ [ 72.8461048, 19.0644861 ], [ 72.8462072, 19.0644878 ], [ 72.8462058, 19.0643384 ], [ 72.845993, 19.0643372 ], [ 72.8459181, 19.0646905 ], [ 72.8458698, 19.0646893 ], [ 72.8458686, 19.06476 ], [ 72.8459162, 19.0647609 ], [ 72.8459153, 19.0648334 ], [ 72.8460219, 19.0648319 ], [ 72.8460221, 19.0647948 ], [ 72.8460594, 19.064796 ], [ 72.8460564, 19.0648321 ], [ 72.8462112, 19.064831 ], [ 72.8462098, 19.0645472 ], [ 72.8461438, 19.0645523 ], [ 72.8461452, 19.0646847 ], [ 72.8460958, 19.0646742 ], [ 72.8460818, 19.0646904 ], [ 72.8460818, 19.0647208 ], [ 72.8460261, 19.0647192 ], [ 72.8460656, 19.0644631 ], [ 72.8461045, 19.0644613 ], [ 72.8461048, 19.0644861 ] ] ] } },
{ "type": "Feature", "properties": { "element": "way", "id": 1432234187, "building:levels": null }, "geometry": { "type": "Polygon", "coordinates": [ [ [ 72.8486321, 19.0596569 ], [ 72.8493474, 19.0596311 ], [ 72.8493517, 19.0597367 ], [ 72.8486363, 19.0597626 ], [ 72.8486321, 19.0596569 ] ] ] } },
{ "type": "Feature", "properties": { "element": "way", "id": 1432234188, "building:levels": null }, "geometry": { "type": "Polygon", "coordinates": [ [ [ 72.850047, 19.0594631 ], [ 72.8501446, 19.0595054 ], [ 72.8503049, 19.059175 ], [ 72.8502073, 19.0591327 ], [ 72.850047, 19.0594631 ] ] ] } },
{ "type": "Feature", "properties": { "element": "way", "id": 1432234189, "building:levels": null }, "geometry": { "type": "Polygon", "coordinates": [ [ [ 72.8501714, 19.0595559 ], [ 72.8502779, 19.0596196 ], [ 72.8505044, 19.0592813 ], [ 72.850398, 19.0592176 ], [ 72.8501714, 19.0595559 ] ] ] } },
{ "type": "Feature", "properties": { "element": "way", "id": 1450181957, "building:levels": null }, "geometry": { "type": "Polygon", "coordinates": [ [ [ 72.8474628, 19.0605773 ], [ 72.8476357, 19.0605747 ], [ 72.8476828, 19.0605286 ], [ 72.8476817, 19.0604592 ], [ 72.8474608, 19.0604624 ], [ 72.8474628, 19.0605773 ] ] ] } },
{ "type": "Feature", "properties": { "element": "way", "id": 1459358022, "building:levels": null }, "geometry": { "type": "Polygon", "coordinates": [ [ [ 72.8635055, 19.0624968 ], [ 72.8636342, 19.0623592 ], [ 72.8635865, 19.0623193 ], [ 72.8634577, 19.0624568 ], [ 72.8635055, 19.0624968 ] ] ] } },
{ "type": "Feature", "properties": { "element": "way", "id": 1459359127, "building:levels": null }, "geometry": { "type": "Polygon", "coordinates": [ [ [ 72.8629879, 19.0616695 ], [ 72.8631611, 19.061613 ], [ 72.8631376, 19.0615487 ], [ 72.8629645, 19.0616052 ], [ 72.8629879, 19.0616695 ] ] ] } },
{ "type": "Feature", "properties": { "element": "way", "id": 1459359128, "building:levels": null }, "geometry": { "type": "Polygon", "coordinates": [ [ [ 72.8615721, 19.0621985 ], [ 72.8615904, 19.0621915 ], [ 72.8615996, 19.062213 ], [ 72.8617867, 19.0621417 ], [ 72.8617652, 19.0620913 ], [ 72.8617165, 19.0620787 ], [ 72.8615483, 19.0621428 ], [ 72.8615721, 19.0621985 ] ] ] } },
{ "type": "Feature", "properties": { "element": "way", "id": 1459359890, "building:levels": null }, "geometry": { "type": "Polygon", "coordinates": [ [ [ 72.8628245, 19.0637347 ], [ 72.8629505, 19.0638604 ], [ 72.8630027, 19.0638136 ], [ 72.8628767, 19.063688 ], [ 72.8628245, 19.0637347 ] ] ] } },
{ "type": "Feature", "properties": { "element": "way", "id": 1459361182, "building:levels": null }, "geometry": { "type": "Polygon", "coordinates": [ [ [ 72.8613689, 19.0655286 ], [ 72.8614282, 19.0654573 ], [ 72.8614433, 19.0654685 ], [ 72.8614617, 19.0654464 ], [ 72.8614245, 19.0654189 ], [ 72.8614064, 19.0654407 ], [ 72.8613523, 19.0654005 ], [ 72.8612928, 19.0654721 ], [ 72.8613689, 19.0655286 ] ] ] } },
{ "type": "Feature", "properties": { "element": "way", "id": 1465595774, "building:levels": null }, "geometry": { "type": "Polygon", "coordinates": [ [ [ 72.8622634, 19.0593875 ], [ 72.8625052, 19.0594045 ], [ 72.8624816, 19.0597051 ], [ 72.8622397, 19.059688 ], [ 72.8622634, 19.0593875 ] ] ] } },
{ "type": "Feature", "properties": { "element": "way", "id": 1465598065, "building:levels": null }, "geometry": { "type": "Polygon", "coordinates": [ [ [ 72.8480004, 19.0673754 ], [ 72.8480865, 19.0673846 ], [ 72.8480819, 19.0674232 ], [ 72.8481513, 19.0674306 ], [ 72.8481415, 19.067512 ], [ 72.847986, 19.0674953 ], [ 72.8480004, 19.0673754 ] ] ] } },
{ "type": "Feature", "properties": { "element": "way", "id": 1469865144, "building:levels": null }, "geometry": { "type": "Polygon", "coordinates": [ [ [ 72.8616762, 19.0603399 ], [ 72.8616934, 19.0601133 ], [ 72.8614964, 19.0601 ], [ 72.8614914, 19.0601653 ], [ 72.8614288, 19.0602141 ], [ 72.861412, 19.0603533 ], [ 72.8616449, 19.0603784 ], [ 72.8616762, 19.0603399 ] ] ] } },
{ "type": "Feature", "properties": { "element": "way", "id": 1497667761, "building:levels": null }, "geometry": { "type": "Polygon", "coordinates": [ [ [ 72.8593455, 19.0674282 ], [ 72.8590086, 19.0670408 ], [ 72.858749, 19.0672537 ], [ 72.8591073, 19.0676411 ], [ 72.8593455, 19.0674282 ] ] ] } },
{ "type": "Feature", "properties": { "element": "way", "id": 1497667762, "building:levels": null }, "geometry": { "type": "Polygon", "coordinates": [ [ [ 72.857513, 19.0684726 ], [ 72.8575323, 19.0683671 ], [ 72.8574036, 19.0683468 ], [ 72.8573993, 19.0684401 ], [ 72.8573585, 19.0684361 ], [ 72.8573156, 19.0685375 ], [ 72.8572276, 19.0685922 ], [ 72.857174, 19.068647 ], [ 72.8571525, 19.0686794 ], [ 72.857204, 19.0687464 ], [ 72.8572491, 19.068716 ], [ 72.8573135, 19.0687768 ], [ 72.8574808, 19.068789 ], [ 72.8575474, 19.0687342 ], [ 72.8575838, 19.068793 ], [ 72.8576847, 19.0687261 ], [ 72.8576654, 19.0686774 ], [ 72.857513, 19.0685233 ], [ 72.857513, 19.0684726 ] ] ] } },
{ "type": "Feature", "properties": { "element": "way", "id": 1497667763, "building:levels": null }, "geometry": { "type": "Polygon", "coordinates": [ [ [ 72.8576246, 19.0683144 ], [ 72.8576632, 19.0679129 ], [ 72.8580387, 19.0679412 ], [ 72.8579658, 19.068361 ], [ 72.8576246, 19.0683144 ] ] ] } }
]
}
